mfcc_1,mfcc_2,mfcc_3,mfcc_4,mfcc_5,mfcc_6,mfcc_7,mfcc_8,mfcc_9,mfcc_10,mfcc_11,mfcc_12,mfcc_13,label
-764.22675,-14.586967,-143.37823,61.519314,86.548386,-53.719296,14.332229,6.0414877,29.716501,21.627804,2.3638718,-15.186162,24.081152,0
-757.2435,-7.1300097,-148.9495,58.75553,88.25768,-54.067486,17.443077,4.18149,24.31932,15.633744,-0.08005178,-19.092749,19.286951,0
-631.77356,36.79607,-111.68687,30.636938,46.1289,-25.141842,8.427207,22.297604,5.7184095,13.396002,10.903357,-9.2552185,16.352468,0
-738.685,16.420319,-96.54808,16.265255,44.80698,-27.34924,13.546254,16.177406,10.845359,8.732855,12.294929,-11.531773,18.55313,0
-547.03656,-82.06518,-183.60817,122.69583,32.704266,-17.319248,-18.535622,-26.71507,40.680946,-3.244049,-2.597991,-1.4314047,-14.780164,0
-602.0959,-103.42558,-221.57799,126.99144,34.68887,3.286204,-11.270864,-55.492184,41.702908,-5.01173,16.575197,-7.5405836,-17.015696,0
-702.72736,46.17702,-149.82388,-25.1643,94.14802,-3.8205194,-7.015071,14.264336,6.849446,-0.34561792,41.945713,-2.0212798,-19.250246,0
-706.75165,42.88672,-146.94284,-17.328823,99.05556,-3.7711961,-13.40814,5.425811,5.1711392,2.6669567,39.80285,-2.9757895,-13.039112,0
-785.52496,12.858472,-122.04977,8.311604,76.22018,-40.467083,8.612701,18.563662,20.81943,4.912581,3.7084708,-15.981879,25.89408,0
-750.4083,-47.84627,-110.54882,60.642696,40.66416,6.2494683,-13.332245,6.46245,46.991356,-16.214672,17.9051,-11.85081,16.759388,0
-747.01654,-42.48633,-109.12344,57.430676,40.16426,7.1620436,-11.136411,4.820186,47.43813,-13.806802,13.024538,-14.230351,19.039286,0
-418.3782,-57.037968,-139.14227,82.84617,33.66662,-5.5817256,-25.768112,-13.671536,34.7373,-11.542835,3.1524687,6.4464555,-13.52826,0
-698.7012,-1.3435038,-151.50783,0.05862436,125.01146,-6.525399,-81.06575,6.3267627,42.708157,-11.529819,-5.3607697,8.145123,-13.699762,0
-783.3654,-18.95528,-117.93826,42.261158,52.031403,-37.077217,24.962881,-5.2270513,25.01321,14.372585,-7.8459997,-11.647234,18.72854,0
-778.80853,-18.443571,-125.91627,42.24166,54.89754,-40.248928,28.466085,-6.295612,22.86639,20.73692,-5.554161,-9.848357,18.800417,0
-757.10364,-32.6325,-152.53905,58.880615,103.055756,-59.142757,-23.933498,2.7784297,21.148727,24.517578,-11.827035,-37.043858,27.768229,0
-714.131,18.944643,-111.930016,-8.721919,98.605515,10.938623,-41.141537,21.295902,50.90604,-4.0390477,-4.6112247,4.932583,5.751535,0
-686.67676,22.707443,-111.636,-7.090028,93.02017,-9.946264,-39.23978,26.319584,32.065937,1.9543201,3.1755192,-0.031371992,4.9474134,0
-714.131,18.944643,-111.930016,-8.721919,98.605515,10.938623,-41.141537,21.295902,50.90604,-4.0390477,-4.6112247,4.932583,5.751535,0
-947.97894,-39.951847,-85.65313,6.0990696,127.594,-63.045654,-48.546562,69.30377,49.025177,-59.796352,8.570718,25.93388,12.875224,0
-744.4027,35.93342,-82.14381,14.177079,65.846535,-33.03677,-6.380679,45.224724,24.905449,-32.828907,12.813843,17.990768,-0.08073273,0
-753.7952,20.329086,-105.913605,20.499025,59.668358,-52.669704,15.401738,50.129063,11.996092,-16.21139,26.735796,5.7927036,12.742846,0
-745.2584,7.7654686,-107.132576,39.980755,50.755096,-56.88415,27.199156,38.576942,3.5023572,-6.611269,10.554083,-0.3878292,22.816608,0
-722.43396,15.92488,-133.87665,29.658403,68.565605,-47.553505,10.209669,20.12416,12.881474,12.25451,9.649119,-18.903679,23.798887,0
-722.5654,16.410185,-133.38474,29.913086,69.10403,-46.633305,11.305493,21.032455,13.583494,11.974131,9.952032,-19.003008,22.982603,0
-686.54156,34.08403,-172.51599,-9.462814,83.111244,-0.8888754,34.556488,0.6021085,-16.966877,10.001238,35.28574,0.3664478,14.210671,0
-549.8869,-32.074745,-250.46971,39.21815,55.716534,25.334414,42.11592,-54.302357,-23.092705,-1.9139584,2.211019,40.542217,-1.8428539,0
-858.0223,-13.876692,-194.74805,-101.01865,112.329285,22.098915,26.45526,16.349096,-32.843723,-52.269325,22.995796,1.8635436,20.921398,0
-753.87805,3.7237918,-83.16928,27.033728,43.46783,-48.18982,18.42171,51.31822,-7.648795,-31.897146,27.073713,10.483328,-5.470063,0
-834.769,-7.2681475,-189.3376,-76.20206,109.73901,16.064327,31.285725,12.984217,-19.83777,-42.69985,12.318925,8.7066145,29.487911,0
-759.15753,13.241077,-169.65065,-34.098217,66.83008,5.8048306,62.666607,3.4739594,-8.028115,0.6049784,6.060705,0.25041112,38.07204,0
-825.3743,-1.2972248,-190.4433,-76.89935,105.87965,11.539451,32.87967,12.735967,-26.915087,-39.39693,18.178486,-2.4153404,25.828335,0
-745.6983,23.763449,-76.47685,28.803446,45.822166,-44.227535,17.538944,46.563843,-9.121778,-32.266544,29.736155,8.891742,-6.6959653,0
-521.11237,-198.11844,38.21197,82.9051,-58.60258,0.42173752,46.039368,-3.405372,-25.636024,31.966309,11.643281,-16.57358,6.9321523,0
-477.77365,-86.842705,-81.94281,146.7106,-64.68743,-46.29104,71.98556,-26.595697,-8.210697,3.5347672,3.9588623,11.011155,-26.5072,0
-869.7808,-58.25541,-176.416,10.828497,163.37535,-28.750074,-36.205013,0.86448103,1.3737729,16.66066,50.667347,-34.782204,-13.610305,0
-525.4321,-58.628666,-215.40329,116.44728,89.18908,-73.581314,-8.593016,-10.216885,8.247886,49.115284,-33.54337,-28.997538,26.210892,0
-980.421,-81.36597,-74.10304,45.28413,91.40681,-108.98944,-12.322909,80.40493,-11.164797,-66.22005,46.04877,10.388653,-16.022934,0
-912.0686,-98.526764,-110.28851,103.65147,70.017166,-114.37414,52.635494,47.396935,-23.250141,-9.040878,17.588224,2.0918393,32.67968,0
-842.5757,-64.40856,-150.39667,86.85416,106.60264,-95.32231,3.0136542,14.651788,19.39716,17.034143,-16.11928,-26.841692,46.813107,0
-716.5223,-19.495575,-148.69432,62.87169,76.66367,-37.89167,26.568558,15.183711,10.948931,12.023082,-3.528259,-9.84116,36.47145,0
-720.214,-21.636457,-145.87595,66.947784,77.46081,-39.93812,23.972878,14.874797,11.56787,14.049107,-1.8165568,-11.362015,34.140118,0
-714.5079,-35.06415,-154.49782,70.34092,81.780716,-26.604956,25.87805,10.639839,8.781192,13.32603,-4.999707,-9.413307,35.608437,0
-700.9959,-42.199715,-148.5887,84.88374,47.030094,-15.8954935,29.70463,-13.220612,36.68281,-3.310634,-12.666734,6.7993674,14.481365,0
-456.82816,-45.566452,-237.86877,83.16494,85.064316,-24.578176,10.783427,-45.680775,-17.917873,47.350506,2.8687334,-2.658291,-11.295384,0
-469.3774,-46.60666,-241.22232,86.07527,83.97365,-25.436714,12.118839,-46.306915,-17.596004,47.194168,1.6339852,-1.2992383,-10.603452,0
-514.8575,-27.895748,-169.0455,70.37189,100.940125,-72.78203,-32.287876,40.523846,-7.690702,-0.44923958,11.964425,-20.630354,3.388251,0
-841.3624,-76.894775,-172.30243,78.21368,115.96963,-78.57822,0.571132,-7.5884395,16.229881,32.996502,-8.371084,-34.63223,33.75256,0
-540.02167,-27.01551,-203.07852,65.87505,124.815506,-63.323765,-44.98573,25.729038,-5.5760703,18.31687,17.084768,-40.52227,-5.3503866,0
-469.69934,-86.12091,-216.89575,143.37354,43.436886,-33.752537,-8.371122,-45.638634,46.88684,18.836487,-23.74687,2.007794,-22.62362,0
-675.8534,-21.141956,-171.91028,42.193066,80.74644,-3.6873424,23.250933,-13.529096,-8.088391,30.160719,21.670792,-5.396907,10.778946,0
-695.6329,-24.801798,-126.52137,42.33548,72.57819,-16.292038,-13.503977,22.146091,7.140287,2.9117796,20.82547,-16.758364,8.380416,0
-876.5136,-75.50721,-170.56154,46.824898,153.53583,-67.20171,-29.69476,28.168406,10.608161,7.545843,28.73885,-44.38166,16.730532,0
-632.1541,-28.322693,-191.77588,73.31681,125.00387,-77.94773,-51.80301,42.249283,7.000195,3.5941656,5.0613766,-35.642555,6.882715,0
-625.43274,-14.550296,-217.01097,51.941135,143.94843,-33.43168,-32.4978,6.3717723,-12.022991,33.23207,41.071865,-39.438232,-15.579847,0
-587.72,-10.507905,-215.12323,47.858646,139.19241,-29.744707,-36.01238,6.809257,-12.80628,32.950363,36.210056,-35.79765,-16.683502,0
-551.3916,6.880963,-248.38048,15.172909,143.05516,4.8458204,-6.192904,-1.9825194,-47.381763,18.397722,57.070763,-5.2797003,-10.624174,0
-669.94257,-7.8071666,-245.35867,10.983965,150.38622,-7.0574765,0.47326216,-8.2494755,-42.374443,12.003527,62.71177,-10.357244,-6.765791,0
-652.18396,-6.6122823,-238.06181,12.105777,143.32243,-4.4227734,-3.684207,-7.90489,-41.71461,14.826652,60.870113,-9.867846,-7.440595,0
-543.2091,-0.6364419,-251.956,6.799186,139.76299,-2.3420348,-22.5948,-6.9118133,-48.11369,13.377417,56.06268,-10.13525,-21.273077,0
-654.98236,-27.193762,-191.32526,64.151245,126.67411,-71.17164,-50.9311,38.10237,5.850109,-0.56013197,11.436816,-30.794096,2.0676923,0
-531.7942,-119.01341,-91.37127,179.44345,-78.74018,-27.878223,47.40214,0.55641294,3.0967956,-32.191326,39.53152,4.8768015,-23.08945,0
-821.6971,-39.88411,-178.27606,36.235847,150.77022,-58.709274,-33.717827,9.4936905,10.462033,18.0263,29.494375,-46.030212,1.5609311,0
-780.6912,-25.01702,-152.33327,38.442104,122.947174,-50.00676,-33.916996,10.451828,14.548673,14.168406,18.921766,-37.394814,2.2642143,0
-858.1207,-49.540928,-164.97005,35.943146,152.63524,-57.426647,-32.23597,11.622598,12.262501,17.134722,30.752453,-46.979374,3.778719,0
-710.4883,-96.35321,-161.12332,110.38523,36.908596,-13.009593,-19.529327,-33.698666,50.419563,-5.747247,15.506122,-25.077442,-11.360151,0
-860.79517,-64.32298,-171.25232,44.1268,151.09111,-58.939117,-27.481312,9.631176,6.7718496,24.810005,31.141378,-53.52765,8.307686,0
-853.3079,-60.351303,-174.12387,45.655354,150.4747,-60.504135,-24.006905,10.970381,5.664919,23.099812,31.559353,-54.411934,10.552542,0
-482.84296,-140.64839,-56.172028,155.74626,-95.020775,13.290915,11.754721,24.445515,-18.31517,-11.951425,35.923256,-11.982771,2.3789327,0
-528.92194,-11.840468,-186.0322,29.844782,132.81349,-31.347973,-69.72609,15.730418,16.039148,6.8243847,15.37551,-23.652298,-23.045301,0
-404.20218,-149.91003,-54.307625,106.87912,-29.373768,-9.828597,-28.26346,52.893,-20.702772,4.447462,-15.63752,18.073107,4.0513234,0
-522.8916,25.097412,-148.27812,33.028828,85.97576,0.1867143,-29.449469,26.143269,8.004336,2.574433,17.344145,-6.199851,-7.858508,0
-568.848,5.136869,-193.78229,-3.9690173,121.627754,7.270237,-32.34532,-0.7810241,-24.902393,-0.2966214,46.512817,7.346765,-26.277052,0
-500.08054,9.947432,-227.61473,-1.4410858,141.63034,9.356883,-30.016768,-0.088566676,-32.281685,4.1545806,55.766674,6.218468,-24.042368,0
-586.64734,-210.17433,-35.12368,130.22076,-37.653095,-18.258736,-5.869837,58.769012,-28.233442,-2.617339,-3.360746,42.28637,-21.74382,0
-652.5885,-31.567194,-228.50984,72.90783,135.97145,-48.19564,-13.503599,-10.572842,-7.1056747,49.55229,17.233871,-39.773407,9.509205,0
-490.77164,-26.090494,-211.91042,71.84901,120.50072,-42.90475,-23.689629,-3.154572,-6.9457245,48.044804,10.7234125,-35.618484,4.465273,0
-809.7356,-53.210106,-205.25786,49.68191,152.81729,-57.354237,-15.790808,-13.688237,3.4100442,38.264763,21.92431,-41.59486,10.444451,0
-769.74866,-39.640915,-197.53839,50.486855,134.71313,-56.164272,-18.506489,-15.362973,1.9729809,34.087685,17.16984,-41.29388,4.7416196,0
-671.20874,-107.71002,-182.17009,100.85572,50.044994,12.107435,-47.70251,-26.666409,39.125126,2.20037,25.37457,-36.426765,2.9377902,0
-847.0378,-67.47342,-148.96063,88.54822,105.691536,-97.69559,4.9371653,16.019674,17.461779,16.370922,-15.002858,-26.270182,46.98094,0
-714.7755,-6.333828,-140.58978,53.776615,68.17269,-41.234825,19.788208,9.450165,10.363535,13.848734,-1.2573026,-10.74742,33.41996,0
-564.69586,-37.87468,-216.35556,88.901215,120.47528,-76.10167,-32.479534,20.859215,-6.410186,30.493263,1.0845945,-42.46134,15.448244,0
-493.14856,-129.85161,-48.922398,140.40514,-85.32369,10.41872,8.268851,25.538294,-18.460716,-14.390466,38.116558,-15.349769,1.6400094,0
-431.94388,36.068695,-31.583488,0.9602452,-19.444365,11.975841,4.687121,13.49577,-3.326633,8.09482,1.5211447,4.7842927,3.808485,1
-401.7344,13.155566,-26.956436,13.454771,-26.597141,21.345108,6.008074,16.257557,-1.8858742,12.118013,3.862849,5.4718637,5.651785,1
-403.5785,47.61623,-21.068403,15.987571,-17.631975,23.818457,6.182507,18.329737,1.6837063,10.708489,4.6598973,11.888657,-0.80568844,1
-405.80997,49.99066,-36.759567,18.805468,-17.117884,19.196873,7.8054843,20.311512,-1.3039324,5.4970737,2.9779987,10.828297,0.40739307,1
-406.306,69.99789,-17.72615,4.9245377,-6.9596715,22.710155,9.417692,18.187943,2.135918,7.363986,3.1174767,7.5706506,2.209326,1
-424.28433,58.68402,-36.1444,-10.635234,-19.40041,14.981319,-2.221493,12.121154,-4.964124,8.970571,7.309846,8.538011,-4.1013246,1
-406.67822,41.20425,-33.33262,-5.3639145,-13.919623,12.871029,3.2373776,12.936597,-4.1144967,7.8803134,4.586422,5.3721695,-0.09123883,1
-409.64825,68.78622,-34.974365,-5.765775,-17.579481,20.405985,2.0159566,10.652661,-0.25269237,9.237353,2.3512,6.5589,1.14997,1
-421.206,58.639442,-25.469122,-15.860138,-19.723751,19.328835,3.5024202,14.839916,-4.5637965,7.0304546,-2.0804842,2.5006468,-2.132419,1
-405.42282,53.18413,-30.788181,-20.63109,-14.192979,22.859957,10.284641,13.681663,0.6231806,11.887666,2.7876682,5.5928416,-4.0583963,1
-418.03998,28.72843,-28.358551,2.9966674,-19.376223,26.38921,8.119802,14.109516,0.40878174,9.484886,0.4618356,5.8785386,-1.1191081,1
-451.60678,48.425026,-41.6415,-1.0371615,-15.304682,20.78395,13.463475,19.173111,7.6250253,11.015041,2.37944,5.1309423,2.002202,1
-432.3118,24.549246,-32.9176,-7.417011,-4.985268,24.104847,11.945811,13.003758,4.673693,12.939421,-0.17188479,4.999933,-3.9305856,1
-435.92654,66.166985,-43.996777,-12.688141,-7.129507,18.585255,3.292375,10.774991,0.99120206,14.161447,5.1469903,7.4251204,-2.1141653,1
-432.42902,40.707275,-39.939335,-1.9076128,-8.197731,24.837732,7.069417,11.54053,4.7508445,13.222933,3.5123339,4.80606,-5.005527,1
-393.59457,6.910916,-42.42451,-1.1254045,-13.418667,27.345417,7.9613075,14.213184,6.1235676,11.224937,-2.9547043,6.535969,-0.3975473,1
-419.55875,49.08917,-36.14983,-13.557048,-8.397504,15.737123,-2.4243023,12.767883,0.7437851,7.9320164,-1.0811089,4.88889,-0.7646475,1
-415.37753,46.052887,-43.681915,-11.42108,-11.779912,18.563036,8.407534,14.990536,7.1499496,6.4470024,1.9060371,4.65985,-0.2776312,1
-392.21304,30.880032,-25.22241,-8.304863,-25.691721,23.993778,-3.791892,16.132984,-0.39363483,5.7149363,-3.7283719,2.8928697,0.8602937,1
-386.51544,39.070972,-32.234768,-8.287252,-13.489996,28.56919,1.8056402,12.852204,5.936349,10.837802,4.432749,4.8420644,1.6761676,1
-399.74606,74.90298,-14.427924,-7.489427,-4.869636,17.228252,6.175888,15.274176,0.66606754,8.742338,3.204406,6.857317,0.8282519,1
-367.91788,33.284256,-42.563873,-17.45474,-23.401062,14.040598,-4.7276998,9.0466795,-0.93081594,7.5239754,4.554811,11.4211445,8.07493,1
-349.31323,26.042805,-42.11594,-11.482135,-20.73821,18.243511,-3.8140006,11.471496,1.663092,5.71788,5.1461444,9.445107,5.314214,1
-404.76822,47.33581,-49.075035,-9.779339,-12.045449,21.322496,-0.885885,10.589773,2.883881,0.8931744,2.4868128,11.295488,3.5624368,1
-358.2454,19.626602,-54.832016,-6.9461894,-15.720679,23.758854,-2.7800682,13.978464,2.6671898,6.32668,2.0476432,9.100438,3.8376071,1
-421.163,79.01337,-33.64686,-17.231432,-3.646577,11.2424135,-12.185476,8.095459,0.103272304,7.3852816,5.1736956,7.5835414,1.7938604,1
-438.1642,105.600136,-40.523544,-49.065224,-6.2514133,22.514832,-7.0530515,0.3281565,-1.0544804,5.223448,4.843189,13.397062,10.404752,1
-423.54993,92.475914,-46.275146,-36.941742,-15.812513,11.475318,-3.7940123,12.88888,-0.8921928,6.013729,3.7177894,13.677233,10.522984,1
-426.77396,62.385303,-35.900566,-14.441502,-8.515258,23.112745,7.145452,14.066512,3.2522142,4.4560976,-1.7689646,3.137826,0.28334492,1
-443.98746,72.16944,-51.216396,-16.123198,-6.2184677,14.238023,1.9704299,13.01349,4.160432,10.396091,2.052061,8.549309,3.8180418,1
-417.60184,73.94013,-55.773968,-14.215434,-13.092347,14.903749,-6.6075635,9.654602,-1.7969755,6.9112,2.9490583,4.114815,7.023106,1
-415.0263,51.357567,-34.877384,-8.549034,-11.300626,16.030247,-0.24807096,18.52707,2.6080499,10.777797,1.6141105,4.2459884,-4.1571264,1
-449.55722,68.14058,-59.424107,-12.887053,-3.1938877,24.313047,5.0003247,11.263699,0.9477762,5.5687604,6.2949247,7.1171575,2.1719685,1
-437.1567,48.94006,-38.682655,-11.174245,-3.8356586,16.756535,1.4868377,15.5950985,2.3492389,10.041342,4.358885,3.4112263,-2.3940523,1
-426.09625,37.11243,-39.88496,-9.338762,-7.651446,21.201935,4.063367,13.96666,3.1626782,9.507912,1.4603868,3.4882522,-1.5141269,1
-469.58926,55.267628,-18.885494,-31.593739,13.028891,33.797543,-6.1978836,20.449764,11.691066,2.0782375,-4.8110642,5.217732,-4.142824,1
-452.31992,80.522865,-22.382467,-18.847076,-0.038061935,15.404614,-2.1615174,9.91788,1.1979308,2.8123817,-2.8953621,4.034819,-3.8426313,1
-463.22696,52.522305,-32.820713,-11.769304,-4.8927836,15.515449,-0.038146134,16.597677,2.6005807,4.617144,7.5971985,5.791689,-2.560906,1
-490.37967,73.057785,-39.068504,-26.120008,13.343899,21.286572,-1.9479992,19.91386,8.626735,8.793646,2.748714,7.085981,-1.5730627,1
-484.37555,64.03535,-52.43992,-23.536705,12.104226,21.739374,8.934954,20.877478,12.426289,9.806345,0.9065433,8.454073,-0.32334325,1
-449.95163,45.290962,-32.46441,-22.438139,8.590971,21.517658,9.172675,19.013023,12.5689745,6.512246,-2.2276883,12.58859,0.3665016,1
-429.97192,40.67211,-39.905342,-12.327839,-4.2912846,9.533423,9.161768,14.678891,0.048184376,9.508172,4.721422,3.8636038,-2.0851274,1
-410.60464,42.82658,-36.96791,-8.155915,-9.418144,22.681454,2.6755214,19.911045,0.22926632,12.259002,1.5348929,5.8628335,-1.6719524,1
-448.55844,67.511734,-55.39709,-11.879855,-9.561053,7.698065,4.25518,15.831819,1.8152199,8.415645,6.892189,3.5677717,-2.6936512,1
-430.72888,46.58668,-23.601099,-8.437974,6.5854163,16.946182,-0.2177779,13.31973,5.9988093,1.6765356,-7.301897,5.622091,-0.18358055,1
-444.6018,19.40939,-48.108578,-4.6887584,9.453115,26.70115,4.891788,15.928894,10.538045,8.067387,-4.4884624,5.8908267,0.5216712,1
-472.0268,50.33525,-41.05332,-17.465223,4.525202,21.744524,3.2735825,17.701996,13.015359,5.242494,0.96311545,9.421088,1.0921276,1
-444.01358,39.509457,-35.062744,-2.7331135,9.256037,25.06018,4.47594,12.641258,6.1715846,3.3678904,-7.5819836,10.554938,2.7805183,1
-492.12222,51.60676,-38.527596,-21.603615,9.031764,26.946735,10.164707,19.76547,11.834443,6.1452107,-0.40498045,8.835793,1.2722435,1
-468.67038,39.370728,-38.870712,-17.74309,14.991555,23.449194,10.901309,24.245165,7.9356155,4.0541797,1.8761827,10.932646,1.9539603,1
-457.79892,32.926964,-29.71557,-7.0810676,1.0514632,24.710018,4.5512424,13.542297,5.6587214,3.405617,-0.24784148,10.087938,0.07828333,1
-481.71866,61.61789,-50.50753,-14.130276,4.234587,15.56861,7.3407884,20.852423,-0.40198082,4.9399633,5.493295,2.1826644,-1.1051693,1
-480.469,47.794632,-41.31651,-28.972055,15.14707,30.323505,2.1925497,19.673336,10.648552,3.8583047,-2.3819797,8.2944765,1.3570172,1
-427.01334,62.290382,-42.65362,-11.676916,-7.1937814,18.536737,1.6201173,14.266556,0.9362809,10.14685,0.87807906,3.7999065,-1.9229134,1
-459.51593,29.334433,-31.140745,-25.462849,13.637244,38.54061,5.8998337,16.062153,14.17947,7.889333,-4.5761347,15.876655,-0.51912665,1
-477.50443,44.22335,-47.57218,-27.13374,1.1843823,35.877483,6.6798835,15.413051,14.168285,8.230752,-0.49264473,16.392628,1.0075332,1
-474.31683,45.876507,-50.946396,-33.420372,11.712568,31.411362,6.51239,26.20657,6.9307504,6.5305243,-3.2172775,14.432097,0.11130327,1
-474.9529,53.038086,-38.74019,-18.436977,9.892865,29.215643,4.1438303,14.133851,11.0084505,4.1553283,-1.4371141,9.365372,1.1817881,1
-456.13617,55.64944,-49.46006,-15.226773,0.41859034,14.832385,7.668995,18.517595,0.93563443,7.337599,7.261333,5.1932445,1.0148546,1
-449.15417,23.51717,-30.099834,-21.521236,6.1403937,33.614323,1.6184589,15.183537,9.496144,3.1006632,-3.9668581,9.296208,0.63232064,1
-477.08286,47.778614,-48.458553,-15.388353,12.410435,34.193363,8.237056,17.838491,8.189168,4.012416,-2.6487129,9.83671,1.9308984,1
-455.53644,55.35965,-35.171673,-16.588034,4.4756446,14.614341,6.7118464,20.94678,-0.09247548,5.8519626,4.819162,2.972663,-1.7181888,1
-461.28696,50.342987,-21.441738,-17.411877,4.6604123,29.312378,0.60004395,8.230128,8.203635,4.9691396,-3.3114612,9.3168335,-0.36799797,1
-475.82758,49.747692,-38.73015,-11.965316,9.275355,37.952206,9.025794,13.623283,8.519438,1.4271234,-5.7812243,6.953379,5.094062,1
-409.03796,45.795135,-36.664314,-10.808581,-13.772436,16.955341,-1.1154996,17.273563,2.6687863,5.3991823,-2.876064,5.1237006,-2.1341581,1
-445.87354,47.17221,-53.284416,-19.58943,4.223306,13.556178,5.748468,18.72117,-3.0987043,6.281675,4.554972,4.541788,-0.43820226,1
-465.25714,30.460293,-37.308594,-21.44247,16.078447,29.66621,6.966077,18.527945,6.274334,5.159091,0.6951134,7.8732977,-0.05056425,1
-486.1112,43.988567,-43.718533,-18.293978,15.469522,30.023188,10.539423,23.688211,12.328387,6.878867,-1.0911243,11.535746,5.100353,1
-496.53024,40.878345,-42.487167,-25.706247,16.089931,31.951426,13.852771,20.607092,9.567887,2.9021509,0.38816082,7.632024,-0.5108357,1
-482.12726,43.212635,-23.754719,-15.721426,15.714636,33.516678,5.358166,13.85288,8.454687,2.4801817,-4.035138,7.4190154,0.29117557,1
-469.6765,38.840023,-40.16722,-13.823121,3.1580956,13.226579,11.765326,22.081285,-0.7786586,10.814111,6.649788,7.9617677,1.3106765,1
-477.08975,65.2398,-51.95004,-20.549648,-1.5663254,10.5775585,10.233203,21.321716,-1.9668909,7.6159973,7.673343,5.859866,1.9695699,1
-495.93787,44.52035,-42.658455,-27.673964,6.9691663,27.549452,8.573658,19.649178,8.253272,2.313584,1.0563759,10.639757,2.2006226,1
-460.88733,71.52491,-35.024673,-31.586304,-1.9039999,14.192395,4.421988,18.744007,12.617475,3.881958,-0.8380296,-1.2520117,-6.728985,1
-411.17603,104.58176,-17.520853,-23.004267,2.6822257,20.547993,-0.70815146,14.68029,2.857704,1.0173769,-6.141413,1.792594,-6.593259,1
-441.0666,48.059494,-35.60936,-2.652989,-7.1088667,29.010319,8.458407,19.019087,2.9511185,2.593311,1.5660659,1.9138918,-4.237304,1
-479.3909,17.841072,-40.9168,-12.802426,-0.39561763,33.08805,11.546925,26.994766,5.8076396,11.339117,-2.550269,11.256684,1.4857852,1
-471.9693,36.488205,-34.25092,-12.206673,8.350954,28.005508,5.480379,19.068693,11.465756,5.5486336,1.7495738,9.57211,0.13220093,1
-460.33087,42.30916,-42.722927,-10.068591,13.245561,30.475254,3.9719093,18.307608,15.482753,1.762025,-4.166514,11.577939,1.1597339,1
-452.42337,43.73156,-40.03295,-10.100325,-3.9237342,14.766069,8.77324,20.184399,1.3281915,9.425717,4.582392,6.2062073,-1.9370962,1
-448.51282,22.749342,-32.396614,-20.12898,7.752375,22.46511,6.5523415,19.908794,5.0386972,0.9075712,-1.7661383,8.279699,0.042619675,1
-429.29022,30.38999,-37.6581,-14.947066,-4.5077252,13.041524,8.548653,17.98734,-3.9390588,6.7700186,-0.27082726,2.76197,-3.1695955,1
-468.16803,38.2481,-37.01504,-13.704127,10.699343,30.282701,3.4907556,20.047688,11.711612,6.5573683,1.117797,11.939215,3.4184706,1
-508.73605,46.850346,-31.202366,-16.8255,14.632415,22.90196,4.418059,22.454216,13.581784,7.574108,-0.86118543,8.545119,1.6088424,1
-466.5028,21.062286,-23.777819,-25.248432,4.4104643,26.798159,4.969594,25.843454,13.972115,4.4434156,-4.526882,12.180958,2.5571012,1
-417.40878,70.159515,-52.21695,-15.039741,0.36509857,10.007619,-1.0034279,13.771415,0.4514096,5.3436723,3.0451856,6.018445,-4.1055136,1
-463.32736,6.4002557,-27.88636,-8.589772,1.5442706,19.500866,13.076289,20.006931,1.8559769,10.883375,4.1477914,6.3588004,2.1330392,1
-454.75424,26.304813,-25.900013,-22.96022,-0.26284012,29.670254,2.5923223,23.340544,8.626396,2.7575696,-6.5092745,8.555481,2.802913,1
-497.01715,39.49392,-44.308792,-18.710354,9.005702,29.324753,3.5726168,17.389172,11.148934,5.5191994,-1.8341662,7.6307535,-0.36384916,1
-471.82498,6.7055044,-34.644028,-12.99458,-0.9742576,18.659548,15.673193,21.238415,4.813416,10.501272,1.8592757,8.803536,1.0765489,1
-465.5751,24.920547,-43.67527,-13.347517,4.787803,28.96733,11.969571,24.681774,11.305954,6.081976,-0.9604325,10.933895,4.656509,1
-467.12183,36.777847,-16.878565,-5.17377,14.475312,30.825163,3.02665,17.886677,4.477683,5.302975,-0.53471816,10.660992,3.0459685,1
-437.24033,3.8692667,-47.147762,-6.644622,-5.1392574,13.422574,11.969945,24.84452,-0.1745812,13.133351,11.072645,6.3572416,-1.3142532,1
-435.65216,16.066969,-19.590225,-14.7767,12.104966,32.974857,1.2306799,21.308783,2.6239798,2.7604227,-0.52964944,6.949608,-1.2690066,1
-419.9989,4.781202,-51.863182,-2.2252514,-0.96561813,8.93618,7.9272566,21.112118,1.1954051,7.597778,5.7122126,11.044953,2.311097,1
-433.3259,65.420876,-42.781284,-13.135049,0.56657183,12.200925,3.4713924,15.534999,1.5573972,2.831091,1.6962751,4.6968637,-5.5749407,1
-453.19415,37.54027,-20.795866,-5.7779427,0.7125856,22.253126,2.7339015,15.425602,0.667696,0.8258674,-4.0985436,5.4747233,-3.3545942,1
-443.20895,19.614582,-30.533922,-8.416759,2.775661,23.22042,4.8108974,19.681316,10.726562,1.5988934,-3.3721135,11.832371,3.0920336,1
-488.93823,36.157406,-29.272694,-17.569422,7.1717954,24.420351,3.0980446,21.868969,11.134773,4.972703,-1.5860791,8.898935,1.5642164,1
-480.17316,27.997618,-39.464497,-15.113877,-1.2652903,14.505135,11.196498,21.61165,1.7382822,11.072312,6.5990906,7.9516516,3.3758295,1
-443.24936,74.188255,-17.261154,-13.136269,6.031433,19.85568,-4.2521486,8.879759,-1.7960294,2.5569966,-3.9846954,3.8140032,-3.3285556,1
-459.44427,34.148647,-32.510033,-19.789043,12.444166,25.46281,2.1897154,15.937085,6.3556113,1.6627952,-2.7938943,6.185014,-1.790799,1
-445.71655,3.9351504,-43.65172,-7.6768126,-10.363776,18.93162,12.712845,21.979244,1.0002141,9.518416,4.00863,10.794011,3.795496,1
-431.15106,-9.328032,-30.789381,-9.779405,3.5409603,23.916035,5.4954505,21.328773,5.9685655,7.4499264,2.6961255,12.484448,-0.1844443,1
-455.4402,40.397827,-33.617706,-18.422396,1.2891911,21.961157,2.3573854,25.840368,13.164425,1.7238545,-0.059488133,12.33488,2.6697211,1
-487.36285,38.034412,-47.005585,-8.752763,4.347436,25.99973,11.43409,23.861063,12.625614,6.3251696,-1.7613597,9.8315735,1.583107,1
-438.04544,58.249737,-43.827442,-1.6445347,-1.1882638,17.262163,0.15583783,13.223537,0.1848582,6.6518497,1.9169395,6.461795,1.517432,1
-463.3168,33.224632,-27.39011,-11.754412,8.474418,30.14778,6.045352,18.51081,12.295114,5.9797926,2.0253868,9.798445,0.048895605,1
-466.2797,33.985794,-26.459612,-25.00384,4.4332657,29.477068,5.7941566,19.590914,9.676789,2.2005887,-0.38457328,12.171549,2.175053,1
-418.02014,45.138947,-28.105488,-15.836327,-0.101031154,19.959332,-5.2326794,18.187187,4.97908,-2.604887,-3.6307123,7.872546,-5.346661,1
-480.21204,52.6932,-43.517036,-26.479498,3.7875202,27.094492,8.520244,23.39742,10.620529,5.57115,2.4655924,10.977653,2.441607,1
-406.01477,75.996346,-49.527668,-31.439703,-6.876222,20.455362,5.116481,16.812712,4.27676,-5.1769886,-10.05912,8.746991,3.0739653,1
-347.65195,78.75783,-66.85478,-42.20437,-8.237711,28.473171,-8.212559,14.53825,12.434433,1.3413904,-9.666766,1.2785573,-2.8081677,1
-404.71033,48.944714,-63.362896,-22.57474,5.0819354,32.875317,1.0346329,24.303646,9.881739,3.3056848,-4.378692,1.8737313,-9.605967,1
-407.80847,59.162197,-72.53404,-41.156197,20.271082,33.084404,-9.3688,16.738167,4.13923,-3.7546282,-3.230424,9.870754,-7.886952,1
-407.80847,59.162197,-72.53404,-41.156197,20.271082,33.084404,-9.3688,16.738167,4.13923,-3.7546282,-3.230424,9.870754,-7.886952,1
-407.80847,59.162197,-72.53404,-41.156197,20.271082,33.084404,-9.3688,16.738167,4.13923,-3.7546282,-3.230424,9.870754,-7.886952,1
-463.1635,40.10981,-38.075386,-7.153144,-3.6139843,21.804724,9.672651,21.4702,2.2700365,6.85504,1.4332693,5.913802,-0.051456086,1
-407.80847,59.162197,-72.53404,-41.156197,20.271082,33.084404,-9.3688,16.738167,4.13923,-3.7546282,-3.230424,9.870754,-7.886952,1
-451.37796,79.246475,-23.132519,-19.01724,-0.027366804,15.448022,-2.0887117,9.957619,1.1325852,2.7941864,-3.0313663,4.040951,-3.8034813,1
-439.37012,19.400372,-36.571064,-14.144301,3.0474138,27.945024,4.284465,18.469038,7.3628774,6.5883355,0.6373366,9.656853,-1.4774067,1
-408.90472,58.709656,-13.851194,-15.649347,4.594235,27.45264,-9.652702,7.803189,-0.749903,-0.18944232,-4.900623,7.171959,-2.4281988,1
-452.74164,53.967865,-51.807693,-22.74756,1.0298473,27.772493,4.4949203,17.46053,8.474588,4.8133655,0.021819519,6.7653685,-1.997466,1
-454.97504,25.343119,-52.582947,-25.941011,8.378547,30.990864,6.108565,23.861153,9.651514,8.765624,4.4878535,9.237124,-2.456537,1
-458.88672,14.936318,-42.54309,-19.088297,6.2108383,34.47847,6.5656643,22.164953,10.256819,4.7096853,1.3164941,11.095234,-0.5859034,1
-438.0467,2.3857918,-40.378277,-7.453214,-6.2524877,18.602951,14.959755,19.19254,4.5505037,13.390193,5.373509,10.600872,1.9191966,1
-465.65546,27.176306,-42.538944,-24.03485,7.2358694,26.377071,3.1238072,23.416307,10.221894,2.6899064,0.32051975,10.586363,-1.2549257,1
-437.2968,21.76609,-40.372093,-12.683677,3.0732737,30.577528,2.3265998,26.676184,11.397625,2.6077278,-0.48208857,11.353185,-0.03901457,1
-446.4571,13.7490835,-25.666807,-2.5300126,-13.506723,22.869024,15.464456,22.060068,1.70132,8.344064,1.0720334,3.4150496,1.3717542,1
-474.685,40.802956,-51.692665,-7.6733646,0.92697746,29.140173,6.99871,24.45733,7.077006,4.3408794,1.0305084,9.039254,-1.2605882,1
-451.403,17.155296,-41.932484,-7.5627375,-11.209341,17.578503,9.322999,17.559666,2.3939326,11.666241,2.3559988,6.068435,1.9192055,1
-463.00644,52.284615,-30.947893,-7.6573296,2.323079,29.735558,2.3784876,16.905758,4.1222754,3.7879436,1.1376036,8.011533,-0.9232967,1
-449.35736,11.889493,-47.351944,-7.9231076,-1.7589958,31.022635,7.7473865,22.277174,8.46338,3.903085,0.1121193,12.781588,0.14051148,1
-466.05762,38.75768,-49.572624,-10.718502,7.3187194,24.735426,5.9250674,18.39273,5.3886027,0.7034401,0.25619704,9.114798,-0.7138292,1
-480.79153,31.367857,-36.814632,-17.528643,14.07513,29.44353,8.916433,23.566248,9.522835,2.7807302,4.978433,8.794543,2.5816119,1
-449.17987,45.990173,-25.836994,-7.762105,9.773352,33.705536,4.5660233,23.006578,9.179575,0.650083,2.5547173,8.364356,-2.150807,1
-469.29428,46.406635,-35.97832,-9.883485,12.147639,32.347614,3.5311959,19.996359,9.3138895,1.8305186,0.9673062,7.248425,-2.7675023,1
-432.73907,42.044228,-27.133266,3.54527,4.079901,29.162651,0.19925164,24.574446,7.5373793,1.6746138,4.481568,11.178544,-4.815976,1
-475.0782,38.829227,-48.053883,-6.890723,6.453699,30.652325,10.214962,22.247133,6.5799003,5.1707683,3.5973816,8.949402,1.4327586,1
-447.64417,43.10924,-45.695488,5.260754,-14.674808,17.060364,11.067479,17.098467,3.4763508,9.045325,2.8415842,5.624244,-1.9577867,1
-484.5402,33.24751,-46.372105,-17.864645,11.335091,33.451004,5.22296,23.566614,9.386789,4.5294046,2.2330465,10.113786,0.19285397,1
-457.37344,77.87493,-20.137089,-4.670167,20.16668,33.782436,9.663353,21.793049,9.053601,1.9506584,3.0097008,9.150453,-2.6209438,1
-451.89465,28.543346,-30.555368,-18.717308,5.6788735,32.961617,5.451948,24.852428,8.992117,0.973488,1.3744692,9.962991,-2.2285554,1
-441.88974,43.780117,-35.339367,-2.4536462,-11.032974,19.96069,6.9176774,18.893797,1.3762865,6.8035,-0.82850665,2.1887662,-4.9310737,1
-461.38312,39.73527,-49.1868,-1.4580842,-15.431728,17.784962,9.032791,16.971872,1.4139235,9.942984,4.509103,4.143249,0.6407849,1
-461.0864,51.391445,-37.46497,5.5954933,-5.9246664,24.717924,12.611015,13.808353,-2.1134133,8.710066,5.454581,5.178412,-0.15599896,1
-462.46298,38.262016,-43.097614,-0.30594346,-4.531362,21.447332,9.123463,17.97955,3.134575,9.912495,1.673775,7.6003094,-0.054254167,1
-450.51572,29.97644,-44.2879,-4.577981,-9.904693,12.549821,8.712785,11.932713,1.0212603,8.636884,-0.9523502,5.8956723,2.887279,1
-422.95657,14.4218025,-38.28805,-4.8326178,-22.745737,14.984839,5.7379055,13.010527,0.5493012,10.757626,3.907336,6.664954,0.6655947,1
-428.82227,52.74579,-57.777973,1.7362063,-19.940405,11.53351,6.4934435,10.948246,0.13003513,9.727636,0.12526813,3.8246522,1.6999452,1
-446.3451,35.35359,-37.22903,-8.991499,-11.731673,13.373262,6.748148,14.486787,1.4164064,9.086561,1.009931,7.9624743,4.1131716,1
-461.10168,35.90706,-30.48423,-7.3128796,-2.323203,26.736317,16.142849,22.727106,2.5059946,7.984808,1.9770103,5.730256,3.3865588,1
-422.23462,-11.217328,-35.3172,-2.8857718,-19.541286,19.841183,5.4138846,19.612778,1.1475224,12.045144,3.9383316,8.069024,3.0054052,1
-470.972,35.74432,-53.92807,-11.7805195,-7.2237115,18.314976,9.155771,22.090576,1.4200417,8.470863,4.574393,7.0861406,1.6571932,1
-469.65536,13.070345,-40.744534,-4.8892164,-9.373391,26.732218,17.223974,21.238186,5.4990664,9.022251,2.0718033,6.044851,-0.14750852,1
-446.99,9.606771,-38.197094,-4.932563,-14.95524,22.715954,9.496228,18.998652,0.22369309,7.893241,3.197398,7.866846,-0.94649255,1
-442.73444,14.52053,-58.17877,8.041393,-20.306902,20.758698,19.731327,18.46966,2.182321,12.236754,1.25701,9.03961,3.0153923,1
-478.48288,36.816742,-51.113987,-7.6652813,-4.717343,17.63839,12.315361,19.724129,6.1229005,10.300182,6.114579,7.6752915,0.41904795,1
-445.71115,42.480793,-21.824951,13.961304,-2.1327093,24.775608,15.307103,16.184633,-0.19044837,7.7361374,-2.5398636,4.5395355,-1.5745281,1
-437.04694,31.181705,-42.964394,0.46787015,-11.850753,16.492176,5.468558,21.213587,1.5103697,8.603679,6.2244534,6.9267974,-2.9286368,1
-464.92825,41.199562,-34.22856,-0.2648568,-4.7996254,23.07037,8.981373,14.211697,-0.08715156,4.160799,1.801161,5.2411923,-1.4614685,1
-459.16028,69.375145,-36.89404,1.8011092,-9.249751,15.976795,6.638351,13.518766,0.21305051,3.202426,-0.34340546,3.3487036,-2.357926,1
-470.37128,39.861195,-42.562904,-4.2313943,-6.705258,23.917053,12.422474,16.248693,3.456939,4.8461695,1.9322617,5.374919,0.05711392,1
-448.49655,32.928593,-30.65029,2.8146415,-7.867068,20.21319,8.300405,18.128246,-0.80730027,5.8657684,-3.151329,1.6513811,0.42525133,1
-423.2457,11.448449,-18.142641,1.4536475,-11.27917,23.071234,5.5560136,17.097227,-0.8666655,4.2914767,-1.4221054,2.9912057,0.031310823,1
-439.61032,-14.468259,-35.43581,-1.8997983,-16.661777,25.259115,7.0474935,18.487465,3.3124468,12.925623,2.6211355,7.1244583,5.470168,1
-470.2944,31.544853,-51.266815,-9.663291,-9.508612,17.296167,8.538398,20.568583,4.8942537,10.451796,4.429952,7.8179054,2.7629852,1
-440.8378,41.5888,-33.903797,-9.847824,-8.423011,19.174131,5.372324,14.432817,0.3989509,8.193622,1.4558929,2.5511508,-0.15888809,1
-512.9907,19.890154,-43.33975,4.2887883,-22.496746,26.439419,4.041817,7.917872,5.646252,7.3074346,2.3355505,4.2354946,1.1850432,1
-467.30234,34.428738,-38.99433,-9.439501,-7.338056,16.262163,4.4579163,15.334616,1.953612,8.431612,4.546041,7.174792,2.0521603,1
-496.9592,35.88003,-34.85399,-3.5498846,2.7954166,24.429663,13.847754,19.122147,3.5551333,7.804819,3.4679945,5.403543,-0.44727924,1
-483.55887,50.196453,-38.646458,-5.50335,-2.746647,20.283928,8.961998,16.849905,-0.74252695,6.1674232,2.3676753,4.504416,-1.1619751,1
-454.44998,24.560013,-37.822987,-2.0030556,-9.44127,23.269863,6.19551,19.550043,-0.13440843,10.854168,1.3606973,6.5906262,2.1027558,1
-457.3071,53.51782,-24.750486,-6.8766985,-6.418136,20.697634,5.9782186,17.740276,3.1762207,5.1408763,-1.781481,3.6023135,-0.027350819,1
-458.86896,32.81385,-33.963688,-7.0968366,-5.497788,25.988111,10.734487,16.759756,1.0349547,4.32536,1.0875434,8.098414,-0.6183514,1
-472.56506,30.943596,-50.606796,-9.902794,-9.448397,21.140366,10.777284,19.134268,5.9479694,10.144854,2.2068293,8.231206,4.151261,1
-455.79944,12.802943,-40.793957,-1.9437097,-13.662584,26.279959,8.912179,19.397455,2.6051502,12.156332,3.722982,9.175465,3.4338884,1
-473.33618,43.658863,-43.035854,-4.610103,-3.3172185,24.833956,10.110374,11.302261,-0.9866103,4.525043,-0.35517547,3.884101,0.36824334,1
-473.33618,43.658863,-43.035854,-4.610103,-3.3172185,24.833956,10.110374,11.302261,-0.9866103,4.525043,-0.35517547,3.884101,0.36824334,1
-466.83945,27.550653,-40.977993,-0.8967078,-6.750149,23.83728,15.898316,18.75648,4.371558,9.683105,-0.44763026,6.051061,3.36881,1
-466.70898,59.02854,-30.35968,0.9954445,-9.204209,15.371457,4.857074,14.061973,0.81275,4.0316877,-2.3816798,1.7486937,0.24916935,1
-473.85315,36.666183,-42.1891,-6.7687483,-6.383875,21.684507,8.074259,20.368856,3.6683342,9.477685,4.7353377,8.130675,4.843979,1
-464.79504,58.97088,-24.670519,0.38520187,-0.90511763,22.501244,9.336191,11.041216,-1.9933374,3.5540302,0.2202086,2.7304044,-2.5351324,1
-462.94562,56.58387,-33.51899,5.065934,-6.565689,18.65079,8.100256,11.236806,-3.3812335,3.9859183,0.8916106,3.512579,-2.6415021,1
-427.21432,20.402039,-23.168455,1.1364112,-12.511897,20.541088,8.00331,14.82031,-2.592627,8.6480665,-1.7361277,5.295274,-2.3927305,1
-442.32355,8.945463,-43.659584,-9.975748,-13.051408,21.274067,8.819494,17.242374,3.2402625,12.83974,3.1319757,8.801017,2.362324,1
-498.8311,50.80219,-33.58366,-3.7177763,0.6949327,22.615097,12.812245,17.97027,3.0070877,6.243876,2.8340113,5.224977,-1.0947753,1
-476.74838,42.733883,-42.125233,-7.589391,-2.3248725,21.679903,11.853456,19.141373,1.7596251,6.8544917,3.7340899,5.43598,-1.4267033,1
-475.9775,40.107754,-45.49298,1.6790761,-4.6256595,25.367516,12.956297,15.376978,1.0150477,6.8644876,1.3148103,5.535491,-0.28629318,1
-472.60773,52.403492,-34.437233,1.0154989,3.850379,19.840345,10.632978,14.567508,-1.2004768,4.0479736,2.9020813,5.4946766,1.2415239,1
-444.34543,50.67702,-26.215868,-0.38370752,-13.069774,12.695226,0.56335944,9.831586,-0.78530896,9.13501,3.743699,7.5737834,-1.6285801,1
-390.2217,33.40836,-27.45767,-2.0921001,-26.582062,10.719947,-8.342546,5.5355287,-5.5418344,8.008983,1.6616737,10.028657,5.4675655,1
-396.19055,59.838284,-20.669195,-6.3629766,-27.997208,5.754287,-5.8344455,7.8845396,-2.0093193,6.4971704,-1.3104348,4.8029127,-0.77076715,1
-476.16483,32.306408,-40.68523,-13.832914,-9.823137,22.578865,17.418106,19.162056,3.912425,8.5065565,4.357198,5.79378,-1.3929311,1
-463.527,28.21716,-35.31767,-0.2018597,-10.125739,18.437925,8.867434,15.287454,0.91612166,8.678763,2.0274854,8.3721285,4.9788065,1
-444.62646,28.078684,-18.553755,-3.308265,-10.053368,18.568964,5.5944815,16.388138,-0.23719409,6.0977387,-1.0196058,4.9865212,1.9402845,1
-448.02206,8.385248,-34.737335,-9.27917,-10.81345,21.306023,9.204486,21.120745,4.3741603,10.941172,3.2379355,10.5855055,2.3257697,1
-462.319,29.093237,-46.976192,-13.553948,-8.984325,18.822268,8.659823,18.495878,3.710507,9.597328,5.0927815,9.007848,1.4663094,1
-438.1143,27.852865,-24.319788,3.3611705,-15.520935,21.499899,9.328707,14.659722,-0.73339134,5.576288,1.9731866,4.2857227,0.51980215,1
-481.07166,56.303413,-34.302494,-5.495032,-1.4403819,18.071083,8.334046,14.955013,1.1498387,2.8170228,0.7074545,5.3764114,2.5315945,1
-488.5704,42.449394,-44.853516,-1.5381117,-2.9400337,26.092058,16.208935,18.81064,3.2825317,7.776807,2.99124,4.082546,-1.0053809,1
-468.5946,27.540623,-32.273712,7.8699827,-6.9564943,27.040344,9.888449,14.0947275,3.2115524,7.3934608,1.6370846,7.0457625,0.73778516,1
-468.04343,15.108037,-42.55623,5.07056,-10.449418,29.759695,16.22085,18.595009,-1.375158,12.189478,4.032725,3.7667413,2.1156366,1
-461.49268,42.212933,-46.60193,-3.0254772,-7.9211354,18.96202,8.378869,16.696472,3.735057,6.482838,1.9737076,4.5175376,1.0157473,1
-439.16852,25.593157,-40.39017,-0.6814678,-15.875702,21.602135,3.6361434,18.832678,2.904842,6.246488,1.415837,5.4958453,0.41678083,1
-456.13672,24.26613,-35.876896,-8.047692,-4.2206635,25.89321,10.577864,22.39079,5.3959265,9.233039,3.6328597,5.617638,-3.234719,1
-450.0984,34.291405,-49.887867,-4.426396,-9.039629,14.258924,4.236448,16.306557,5.2433043,12.623827,5.173558,7.0924473,-0.22925848,1
-464.36002,47.432247,-42.55643,-5.4029193,-2.2837646,18.644867,7.334667,14.779269,0.56213385,6.51956,2.6951506,4.9818635,-1.6488377,1
-442.2955,35.83692,-34.93831,-10.0240755,-5.0150614,16.863836,10.733887,15.065486,3.9464514,5.1376853,2.1145842,6.0868316,-0.16282421,1
-462.63162,45.645187,-53.419632,-8.639489,-5.667394,17.008675,6.0177994,17.906185,3.9257953,11.834046,6.165702,8.310331,2.7088633,1
-450.3361,48.068573,-44.96299,-17.731792,-6.303428,17.38423,2.792329,17.634804,2.018969,7.7916594,3.9753053,7.513181,1.9295594,1
-462.22244,47.887417,-42.157257,-8.09091,-4.840988,19.549078,3.4773839,15.060013,0.42537868,10.991913,3.8810759,8.623935,2.443775,1
-462.83563,56.700527,-46.657986,-11.142472,-4.9580216,12.832754,6.621373,12.729109,0.07212371,8.528075,2.825442,5.1048803,-2.110572,1
-462.00385,56.221333,-47.24778,-11.583108,-5.1708603,12.771756,6.535758,12.7326975,0.26412046,8.841802,3.0678935,5.201106,-2.1284182,1
-450.77487,52.781776,-22.855453,1.624978,-3.595294,20.551046,5.181465,11.692958,-0.43180156,3.2318904,-0.7721941,3.3600817,-5.938416,1
-470.51486,54.143974,-37.361755,-4.4771867,-2.5231023,19.226236,11.868393,11.819038,-0.4561268,6.5277534,0.10697161,3.3479667,-1.3744515,1
-436.07162,46.48923,-37.948326,-11.340119,-11.832074,16.34377,2.6977417,11.571774,1.5556606,8.1942005,3.3802476,6.6849236,-0.057106797,1
-469.53818,58.118496,-47.963146,-5.9295654,-7.401692,20.634045,14.685256,15.8833475,3.9960513,9.366657,2.8852534,7.0493703,2.00878,1
-454.25983,56.933346,-30.361574,-3.4594762,-5.6178393,16.3847,6.6820807,8.987076,-1.7658806,5.8200884,-0.5037439,2.8687725,-1.4574077,1
-447.12326,45.487366,-28.926977,1.9606304,-8.355204,19.307905,6.993353,11.530258,-5.120708,5.2550225,0.026135113,5.360151,0.89246446,1
-930.1182,-215.26828,79.49688,39.266403,-75.77703,37.645557,13.664224,-28.192022,4.2203555,21.782137,-21.413689,0.2699394,14.638326,2
-649.5748,-96.13133,-167.52663,-4.2926397,21.620274,39.544197,29.983845,1.3637722,-30.063175,-17.890362,-4.660634,8.039844,17.332644,2
-749.3668,-127.99431,-219.81377,12.046432,45.81676,66.01918,8.004744,-31.707172,-11.304723,-36.06183,27.002018,2.3190308,35.18798,2
-683.898,-135.61151,-183.82388,-52.6418,-12.9734335,37.041885,39.939835,25.331415,4.959349,-4.7246747,-20.196701,-18.527931,-7.520206,2
-710.26807,-21.271877,-225.21059,-33.96708,7.2674694,-5.944075,53.44621,-14.086145,40.852314,-13.301211,0.32171357,-2.067806,-15.510866,2
-656.00476,-49.16168,-172.89847,-57.27539,-46.692307,-21.540564,-4.0926914,10.087943,0.6198856,14.30832,22.056335,24.157366,14.499908,2
-821.0155,-220.37968,-74.64239,91.82565,18.00854,-4.331364,-42.3689,2.963154,22.290833,10.778415,-9.488153,-19.765572,2.6325762,2
-710.5592,-168.46924,-179.76039,-16.306074,34.28241,72.750595,17.988686,-19.364971,-33.119045,-12.062332,-0.95221955,15.88514,17.211823,2
-683.7983,-100.40501,-170.10217,-69.54783,-36.677864,9.118286,20.095032,20.241716,12.707943,20.740929,14.171834,-3.177586,-20.41887,2
-875.32776,-217.72792,-27.710598,107.16555,-17.477182,-42.2221,-0.90326595,38.2096,-7.485796,-22.558344,3.4231489,14.891082,2.426659,2
-652.5284,-88.55995,-158.90259,-67.45378,-57.92637,8.569037,-0.1680125,2.2021503,4.296688,15.874849,29.763943,9.359175,-1.703694,2
-545.3846,-95.27832,-131.85469,-32.031822,-71.363914,-4.019023,-31.52728,-6.88386,-18.741114,-11.75095,5.650437,13.483476,4.368934,2
-628.44055,-85.5761,-158.94356,-44.93597,-56.193745,-11.91299,-13.399505,-2.580951,-3.2505507,11.655031,15.912718,15.1256,11.471044,2
-692.924,-125.93408,-186.36304,-43.774536,-15.298042,43.691795,45.181484,15.282431,-9.921803,-7.5783453,-1.2021326,-5.9996853,-12.375799,2
-680.1674,-117.85447,-204.40701,-50.24818,-4.909051,29.746132,38.12634,29.31507,-10.672762,-8.502289,7.16805,-7.2911,-19.25264,2
-770.60895,20.12717,-194.55795,-84.4196,14.092534,-54.55766,37.036724,-10.035553,-2.0658164,26.735268,18.531475,2.949011,33.362896,2
-757.4886,-12.590416,-210.94466,-63.46455,0.81015736,-30.64758,49.463333,-17.656796,27.831343,10.214954,7.997579,15.784554,1.2513766,2
-753.08514,-52.586487,-233.05168,-26.94768,10.53443,-16.221498,77.10183,-1.676984,24.839455,-18.130985,-9.407593,-8.627052,-20.917124,2
-871.3973,-203.17798,-42.73949,101.84281,1.9714794,-48.75854,-10.696584,40.986214,4.1716094,-29.275305,-3.6379128,21.462858,5.009834,2
-884.61084,-170.76924,-88.08283,110.49105,25.216505,-60.746876,-1.649337,6.665191,33.400993,-19.252293,-18.097107,6.139311,17.786148,2
-669.50836,-126.46035,-177.73952,-57.96037,-31.623753,32.446907,22.980457,19.028109,9.17327,19.920557,1.410872,-13.774521,-18.759659,2
-713.441,-81.106125,-178.78246,-56.498478,-31.486706,34.395496,11.271758,11.611345,19.519157,7.9089212,5.856634,-6.290458,7.616012,2
-832.2336,-18.261797,-118.708984,-49.2931,-22.811779,-30.327974,19.745125,-20.48988,24.864058,-6.5286555,27.505407,4.84699,3.5148215,2
-786.8519,-4.0380025,-222.87743,-90.67173,43.867302,-32.133347,58.569515,24.608559,6.8784328,11.049419,-4.6233606,-32.11636,11.0621805,2
-514.0696,-117.351265,-149.35338,-39.622787,-74.156784,-12.4797535,-12.975939,-3.4344254,-7.2725024,6.651623,9.723515,2.877628,-6.8168006,2
-585.5886,-116.72959,-162.72536,-67.706604,-57.196537,-16.354433,-16.294592,12.450533,8.3597975,16.15427,12.725099,14.49503,3.1532328,2
-874.6974,-221.15886,-11.019673,94.98977,-20.007235,-37.02331,0.024242505,36.303535,-8.384837,-23.471216,5.311366,19.84165,-4.649263,2
-834.08295,-215.61317,-59.90881,84.15954,27.210587,-25.712858,-36.86681,16.412159,23.228584,1.5240178,-22.761663,-4.434638,12.818175,2
-679.5833,-166.85936,-194.43173,-32.225414,17.622799,71.57762,29.527964,7.8516674,-31.385548,-26.318026,-4.267533,2.496623,6.111398,2
-724.8805,-117.32828,-194.77669,-49.419235,13.233732,44.04249,45.77814,22.294418,-20.676155,-25.101236,-7.5017858,-14.01571,1.6292892,2
-583.8328,-170.19495,-162.53145,-37.828205,-39.086597,45.803062,35.956562,30.516829,4.7853374,-8.230293,-15.379799,-13.242332,-14.850147,2
-615.5631,-78.79773,-139.92673,-67.06356,-71.24812,-16.547924,-11.446209,-5.7861524,-10.064581,13.417639,17.973364,12.775693,7.2648845,2
-929.1389,-210.87701,115.54311,-16.564735,-45.260185,50.882416,-21.29726,-10.546139,20.0583,-5.736368,-13.375502,20.145384,-9.788977,2
-876.098,-239.45079,74.38307,44.221245,-55.111454,1.9701488,28.668722,-7.8552275,-23.207825,23.172132,2.0240104,-15.081147,2.1265655,2
-830.17096,-230.69258,-57.005276,85.24638,32.498955,-29.144705,-41.251186,19.366892,27.319408,1.2779557,-29.603554,-3.074828,18.877932,2
-868.73535,-227.9278,-6.7456107,86.2574,-8.071481,-40.886097,-5.5104833,40.352074,-6.2822027,-23.78334,-0.35634667,23.881454,-3.8945105,2
-684.743,-125.5909,-171.92055,-25.53051,29.789751,70.54828,23.795921,-14.76594,-35.12162,-19.206245,-1.1475352,22.22155,20.295372,2
-760.0652,-240.68459,-113.9109,82.946,40.09567,13.589398,-37.03751,-24.863747,4.3920517,34.79419,7.5730934,-19.362673,-20.896584,2
-864.0739,-218.55052,-28.680265,97.20544,-4.2282057,-40.74086,-14.625148,41.329,3.2565513,-27.836632,-4.8604627,24.385498,0.47307593,2
-886.78674,-220.06534,-0.39904788,100.75187,-40.233486,-36.15821,24.753248,21.59649,-19.439402,-15.997657,18.063427,12.609673,-21.550665,2
-876.07336,-223.33554,-5.3553967,105.850235,-44.049885,-26.5327,8.578983,31.29414,-16.866796,-20.64751,16.308792,13.693406,-13.965785,2
-683.064,-202.19884,-167.24,-10.14787,25.038065,78.922676,8.826237,-5.86098,-36.236897,-24.055593,3.077022,24.176239,16.317266,2
-489.50873,-142.85089,-153.88176,-61.512047,-67.34003,11.954558,4.1660957,28.409723,16.858553,26.627085,11.969917,-1.4730313,-14.1123295,2
-591.09,-101.368996,-151.00232,-75.17926,-66.45796,-19.353529,-18.201511,9.204644,10.855102,19.054945,14.198514,18.365105,10.916142,2
-643.3684,-163.67892,-199.72322,-39.268997,-12.168894,63.470173,39.430435,16.413794,-12.9119005,-12.408997,-14.05859,-12.680449,-6.0000224,2
-665.4727,-119.34941,-166.52386,-65.518715,-54.32535,33.492012,45.31719,24.578289,11.652386,1.6565568,-5.630185,-4.2208858,-15.564591,2
