PC1,PC2,PC3,Class,Original_Label
0.9413891,-7.4087143,2.0113432,Whistle,0
6.753498,1.9323766,-2.7517188,Whistle,0
19.102375,4.3655453,-2.2613106,Whistle,0
-171.65625,-16.131037,5.1969957,Whistle,0
56.190742,-2.7330174,-4.43554,Whistle,0
59.808693,0.56988,-1.7305678,Whistle,0
52.21794,-4.230555,-2.9284544,Whistle,0
62.09848,-0.045339823,-3.5808787,Whistle,0
18.684322,2.0875242,3.605733,Whistle,0
0.58530426,-4.6267376,0.23681891,Whistle,0
1.6094952,1.1181474,-4.806845,Whistle,0
0.6249485,-3.3846138,-0.054030776,Whistle,0
-79.968834,58.15552,4.2085705,Whistle,0
14.544958,-4.6457224,0.19040084,Whistle,0
56.67501,-0.52268314,-3.6833165,Whistle,0
58.919098,-1.8448795,-2.806914,Whistle,0
41.365234,4.63076,-6.006519,Whistle,0
34.95155,-3.823787,0.42249274,Whistle,0
-109.35614,39.59148,-41.061806,Whistle,0
5.942631,-5.0053797,0.9475236,Whistle,0
5.737379,5.0284624,8.624638,Whistle,0
0.34192467,-10.085098,-4.263047,Whistle,0
12.490965,5.198614,-6.940293,Whistle,0
-1.0060768,-6.7738876,0.090026975,Whistle,0
-90.60868,22.366734,-27.078005,Whistle,0
15.549069,-12.359834,-1.0368403,Whistle,0
61.04577,-0.1784885,-3.2859182,Whistle,0
-113.243866,3.9804776,-20.228888,Whistle,0
-8.823845,-3.2234368,7.200862,Whistle,0
12.423325,-4.8717575,2.0896313,Whistle,0
10.946342,14.394235,15.20236,Whistle,0
20.142298,-4.4934936,1.4106989,Whistle,0
2.9032478,-7.9036818,2.7777858,Whistle,0
17.72147,-4.0973053,11.964951,Whistle,0
-82.69744,52.409058,9.940302,Whistle,0
15.758072,-16.751389,4.595136,Whistle,0
54.76259,1.0110004,-9.758577,Whistle,0
49.789787,-2.1847415,-3.1999655,Whistle,0
48.31395,0.32717204,-3.1934195,Whistle,0
56.612503,0.154392,-3.1829488,Whistle,0
27.689577,-9.741619,-0.4780991,Whistle,0
-29.60284,2.0676782,50.45937,Whistle,0
29.800543,-9.83722,2.9597378,Whistle,0
31.064924,8.274032,0.56722856,Whistle,0
42.080276,-4.2348313,7.331253,Whistle,0
59.028374,0.60769844,-5.07701,Whistle,0
60.47618,-2.6360407,-3.0411487,Whistle,0
49.9718,-2.2239835,-2.1161325,Whistle,0
17.10868,-9.858328,1.8841832,Whistle,0
50.411724,-2.173702,-2.2809224,Whistle,0
65.417816,-0.52003694,-4.303499,Whistle,0
22.542027,0.53576875,-0.13462484,Whistle,0
18.661175,-2.9536808,-0.6607515,Whistle,0
17.672632,-4.5053067,-1.2945559,Whistle,0
52.306488,-4.0090566,-1.1714141,Whistle,0
51.46351,-2.3193257,-2.7961578,Whistle,0
49.91152,0.68886566,-2.2125564,Whistle,0
55.01918,0.18233824,-3.757971,Whistle,0
50.153126,-3.42889,-2.1389344,Whistle,0
52.785477,-2.0096664,-0.28080237,Whistle,0
54.556087,-0.4473493,-4.4069185,Whistle,0
50.214256,1.22243,-1.6476834,Whistle,0
54.943516,-0.7881892,-4.1078386,Whistle,0
-9.352989,-8.34587,6.845133,Whistle,0
-6.239338,4.3148975,-3.1668408,Whistle,0
23.139874,-5.2273245,-9.687841,Whistle,0
13.490841,-1.032607,0.3424785,Whistle,0
10.967781,14.187226,-2.9524567,Whistle,0
22.142132,-19.61624,-4.370387,Whistle,0
66.54682,-0.7836404,-4.877928,Whistle,0
48.132553,-1.135907,-1.803257,Whistle,0
67.66795,0.88550997,-5.371721,Whistle,0
45.111755,-1.2310435,-2.6814818,Whistle,0
43.375427,-1.5118289,-0.92918426,Whistle,0
50.308712,-0.85254717,-2.9494588,Whistle,0
52.440254,-0.8298342,-2.1928542,Whistle,0
62.234856,-2.1960697,-5.664978,Whistle,0
64.79817,-0.9504136,-3.574939,Whistle,0
66.980545,-1.8150766,-4.684167,Whistle,0
65.39235,1.0584023,-3.0483022,Whistle,0
61.84442,-0.8321526,-4.3383036,Whistle,0
48.411106,-1.4554573,-2.2942884,Whistle,0
51.498734,-1.0799598,-1.822596,Whistle,0
34.117107,-0.095253706,-0.9372315,Whistle,0
36.19406,-1.7378856,-2.7595024,Whistle,0
44.274494,1.3074901,-0.4659921,Whistle,0
31.612171,-0.94962215,-0.70350564,Whistle,0
19.910233,4.4528275,2.0288787,Whistle,0
49.972816,-0.36484265,-2.225097,Whistle,0
59.80919,1.3632119,-3.9756572,Whistle,0
-133.12665,-13.7069,4.14711,Whistle,0
-7.4243507,-7.626629,3.5721693,Whistle,0
12.027082,-7.2861204,0.95861435,Whistle,0
15.662266,-4.0952353,2.9072018,Whistle,0
-83.19415,64.81633,-24.877022,Whistle,0
13.18692,-9.182393,5.7333174,Whistle,0
-65.35516,66.18393,5.131812,Whistle,0
7.88439,-2.4125426,0.7754495,Whistle,0
-136.92526,-13.95817,4.2827177,Whistle,0
-2.211609,-3.5338893,-0.07375181,Whistle,0
-28.821697,25.764668,26.33609,Whistle,0
-137.19948,-13.972443,4.282613,Whistle,0
-172.2242,-16.187336,5.2293243,Whistle,0
-58.382652,40.661545,30.841362,Whistle,0
2.9812584,-6.1131334,1.1105947,Whistle,0
24.541418,-3.752071,0.97542286,Whistle,0
19.58518,-2.459548,0.51265717,Whistle,0
10.689268,-9.398844,0.20666265,Whistle,0
24.436543,-6.7475777,1.4133496,Whistle,0
15.714335,-0.90830815,-5.005883,Whistle,0
2.2731705,0.6891272,18.6762,Whistle,0
-8.029198,-9.972083,5.7644687,Whistle,0
-144.07481,-14.402299,4.448898,Whistle,0
-0.6182289,-12.051037,-5.1653547,Whistle,0
-126.87271,-13.2441025,3.811255,Whistle,0
-46.994026,61.164265,17.421143,Whistle,0
-51.612175,0.94504833,74.76667,Whistle,0
-32.539577,52.580723,2.7863517,Whistle,0
25.88809,-8.996649,14.778931,Whistle,0
-82.94522,42.549873,-19.398392,Whistle,0
3.4592628,6.8511715,-3.5654771,Whistle,0
-99.76668,20.584137,-25.275547,Whistle,0
-18.561913,-26.84735,23.031668,Whistle,0
-125.8907,-13.194747,3.810802,Whistle,0
-6.686245,-2.5397048,1.0896616,Whistle,0
21.965315,9.957511,19.38706,Whistle,0
19.799557,-8.314723,-2.5909376,Whistle,0
27.504072,-14.212691,-2.5534196,Whistle,0
15.467543,13.889304,20.821907,Whistle,0
18.817177,-5.7944117,-2.5866294,Whistle,0
29.050364,-10.463237,-3.1429965,Whistle,0
-42.10977,34.533512,23.08015,Whistle,0
15.165363,-25.881134,-0.6978349,Whistle,0
5.546837,-29.416147,-7.749716,Whistle,0
-119.111206,-12.805066,3.56746,Whistle,0
-124.78467,-13.111981,3.7862973,Whistle,0
20.476479,-9.865813,2.1080878,Whistle,0
-51.13054,-81.5728,-5.887687,Whistle,0
0.67159843,-0.67015004,-7.1606,Whistle,0
-0.55195236,3.0229957,-11.002643,Whistle,0
-9.632122,3.0536983,-1.8066517,Whistle,0
-44.976486,35.38001,20.585533,Whistle,0
-133.62628,-13.733447,4.15216,Whistle,0
-7.3324165,-4.297409,-1.684988,Whistle,0
-11.26646,-7.0793505,-4.507592,Whistle,0
-147.88333,-14.641062,4.5627904,Whistle,0
-82.01473,32.533348,-36.91669,Whistle,0
9.640837,0.41454172,-0.52807,Whistle,0
10.651598,-0.50395393,-8.611696,Whistle,0
20.383533,1.9923565,-1.4204906,Whistle,0
-159.24458,-15.341708,4.840767,Whistle,0
13.057714,-3.2815852,0.8267226,Whistle,0
-3.4375153,6.9944515,3.5864205,Whistle,0
-96.03699,56.997814,-26.321619,Whistle,0
-95.38972,44.17895,-17.35257,Whistle,0
12.660664,3.4787352,-3.8002903,Whistle,0
-64.70949,62.134235,9.277199,Whistle,0
-4.3101616,-7.708947,1.1806204,Whistle,0
-50.877556,44.98279,21.655499,Whistle,0
9.501297,-3.02295,6.6902885,Whistle,0
18.919989,-2.4899344,-0.032396317,Whistle,0
24.939188,4.366431,-5.7126346,Whistle,0
24.205727,-6.883298,-1.8374065,Whistle,0
0.8636589,-12.205299,-3.3359969,Whistle,0
16.340517,-1.6088791,0.4236852,Whistle,0
26.313303,6.1007824,11.060158,Whistle,0
20.801167,-8.6557045,-2.3646536,Whistle,0
-69.125145,51.8227,4.516109,Whistle,0
25.981682,-3.5463662,-1.62242,Whistle,0
-161.96893,-15.528464,4.931529,Whistle,0
13.172094,-4.2058268,-0.6999701,Whistle,0
-67.906265,58.749516,-27.995365,Whistle,0
18.996874,4.71389,8.090923,Whistle,0
-28.43927,-2.1365569,-28.393677,Whistle,0
23.623999,-6.628248,1.6730824,Whistle,0
31.04989,-10.121707,-6.008867,Whistle,0
26.464752,4.862179,-0.25839496,Whistle,0
42.880337,-2.2935576,-2.8039842,Whistle,0
-141.5657,-14.24025,4.396997,Whistle,0
-120.60716,-12.904237,3.7922597,Whistle,0
-83.25299,46.247543,-18.785849,Whistle,0
-115.45532,-12.606299,3.6568785,Whistle,0
-5.4705048,-0.3632629,1.1728051,Whistle,0
-70.64748,3.3990185,67.59301,Whistle,0
-73.47762,-55.826096,-22.403645,Whistle,0
19.337196,-8.912362,1.4143739,Whistle,0
-30.991493,41.507412,21.517933,Whistle,0
21.36396,-14.831056,3.0634532,Whistle,0
16.450533,-23.909443,-6.59603,Whistle,0
-61.643265,46.770992,-15.75651,Whistle,0
11.464815,-11.374267,-0.9962264,Whistle,0
10.680431,-5.198938,1.4243262,Whistle,0
0.2846737,-4.2110577,-0.36688888,Whistle,0
-99.33852,-11.402131,2.5573626,Whistle,0
19.130966,-15.461005,-5.1191196,Whistle,0
-10.705322,-5.9405856,0.27597904,Whistle,0
-95.114746,-10.910533,2.3183796,Whistle,0
5.735262,4.985383,15.114418,Whistle,0
16.048553,4.7313604,-9.025375,Whistle,0
13.1461735,-3.4362295,13.428121,Whistle,0
-81.3848,43.68768,-19.323402,Whistle,0
6.130167,-4.7156487,1.783293,Whistle,0
9.865404,1.0350058,10.577598,Whistle,0
-125.42851,3.6056645,-20.46817,Whistle,0
5.534792,-7.5725193,2.2671282,Whistle,0
-131.12392,-13.575925,4.103328,Whistle,0
15.334894,-3.1270711,0.31175768,Whistle,0
12.065392,-0.13845992,7.017476,Whistle,0
-13.749607,-10.870299,4.3620753,Whistle,0
-156.04729,-15.151503,4.784585,Whistle,0
23.817451,-7.6587677,1.5461421,Whistle,0
-86.76883,47.50622,-22.367945,Whistle,0
20.650955,-6.05798,2.1276498,Whistle,0
-145.74728,-14.47562,4.4066415,Whistle,0
-74.76399,50.523796,8.285744,Whistle,0
-142.56503,-14.30503,4.3938093,Whistle,0
10.528063,-5.3493366,0.23547387,Whistle,0
9.175182,-3.89121,0.44308436,Whistle,0
-33.081116,14.573499,19.676805,Whistle,0
16.56158,-13.628563,-5.0928874,Whistle,0
41.459064,-1.600032,3.9195104,Whistle,0
28.268116,-2.0268493,-17.33225,Whistle,0
41.32109,1.3136852,12.11761,Whistle,0
34.073162,-17.55786,-11.214445,Whistle,0
-82.61433,10.0328,45.2304,Whistle,0
13.55751,-18.30095,-11.66256,Whistle,0
30.388498,4.7487097,8.750851,Whistle,0
-13.773426,2.779402,-58.84655,Whistle,0
39.24778,-1.8558418,9.310342,Whistle,0
38.26733,-8.707572,-3.827304,Whistle,0
-92.23328,47.96172,-20.516815,Whistle,0
-139.07132,9.035801,-29.244087,Whistle,0
-60.99553,-85.33043,28.284945,Whistle,0
4.800894,-4.7956233,2.4442713,Whistle,0
-124.08394,-13.127942,3.8942661,Whistle,0
-73.203674,45.086407,45.003944,Whistle,0
-140.33691,-14.168841,4.348431,Whistle,0
4.0907135,-6.3386035,0.67132354,Whistle,0
-99.351685,48.21977,-18.802961,Whistle,0
-78.43515,64.314095,9.913894,Whistle,0
-46.217407,40.85943,35.138508,Whistle,0
-27.915638,31.563822,21.948513,Whistle,0
2.0194817,-4.7129083,0.48186922,Whistle,0
13.272207,-5.9010935,-0.444561,Whistle,0
27.34413,-0.8748827,-0.52575064,Whistle,0
38.057465,4.6063595,-2.7643442,Whistle,0
26.71771,-1.0360914,10.983442,Whistle,0
-100.50282,25.23986,-28.270334,Whistle,0
2.5182323,1.2007792,12.492934,Whistle,0
12.743614,-5.7176933,-0.9256107,Whistle,0
24.137688,-2.2556708,-0.92786574,Whistle,0
31.477968,4.4274397,-1.2617023,Whistle,0
23.258873,-7.6480846,12.252217,Whistle,0
-44.83455,20.425644,15.946186,Whistle,0
10.62262,-7.5785866,-0.122110724,Whistle,0
37.29866,-3.6616354,3.1793747,Whistle,0
3.8647232,-6.134135,-0.8291035,Whistle,0
44.567055,-0.5308459,0.9985113,Whistle,0
34.416824,-0.37811136,-3.4508798,Whistle,0
-32.668667,13.854522,13.594509,Whistle,0
6.6253376,-7.1700306,1.3112781,Whistle,0
33.71743,-3.1268754,2.9528785,Whistle,0
-11.001053,-7.905116,-0.4563384,Whistle,0
36.143707,-2.0936785,0.7118237,Whistle,0
25.76494,-3.3069227,-0.28618503,Whistle,0
-38.998978,6.8359346,-18.2012,Whistle,0
24.561983,0.4644034,15.922512,Whistle,0
33.71766,9.289527,-3.0716484,Whistle,0
41.36992,-8.714624,-5.7535763,Whistle,0
30.539158,5.3972406,6.0999627,Whistle,0
34.791977,-7.796751,-3.9130423,Whistle,0
29.751528,12.009632,10.199574,Whistle,0
19.345592,10.691777,-13.353125,Whistle,0
-64.39825,-61.66426,-28.298914,Whistle,0
25.29948,2.8970177,20.387835,Whistle,0
30.96221,14.37643,-7.105764,Whistle,0
40.19669,-11.41264,-6.770709,Whistle,0
32.308678,8.642812,7.656249,Whistle,0
34.734047,-11.686475,-6.098314,Whistle,0
17.45399,13.338061,14.456901,Whistle,0
11.122585,14.155025,-16.663973,Whistle,0
9.377987,-5.461952,-0.07034004,Whistle,0
-159.6675,-15.39694,4.8941765,Whistle,0
0.5218792,-3.0415869,1.7764435,Whistle,0
-70.92173,46.3869,7.2337484,Whistle,0
-170.25792,-16.067322,5.1953716,Whistle,0
-6.088089,-3.17305,0.7981951,Whistle,0
-26.384422,21.137901,20.78356,Whistle,0
8.824532,1.3370101,5.957346,Whistle,0
-160.78915,-15.469934,4.9422865,Whistle,0
-59.778114,44.067764,25.59237,Whistle,0
-19.569324,25.863045,28.765099,Whistle,0
-162.41536,-15.573607,4.9945827,Whistle,0
-169.55412,-16.019102,5.1586742,Whistle,0
-119.46933,-12.836222,3.7645426,Whistle,0
-119.91751,-12.864357,3.7834153,Whistle,0
5.866253,-7.0758457,2.7405658,Whistle,0
0.86683273,-2.3684244,-2.342581,Whistle,0
-142.92433,-14.288746,4.348302,Whistle,0
22.944164,4.491764,-6.825789,Whistle,0
54.388435,-1.4449502,7.5388765,Whistle,0
18.626194,-15.403798,-9.38549,Whistle,0
-70.15835,31.212244,-14.390251,Whistle,0
-132.01517,-13.569176,3.989017,Whistle,0
34.813408,6.1476746,-8.758171,Whistle,0
48.980522,-1.1323966,12.13673,Whistle,0
24.781025,-14.264272,-6.900672,Whistle,0
-7.383831,-12.656418,-1.8493023,Whistle,0
8.397278,-5.189414,0.122339725,Whistle,0
1.5844841,-5.4422894,-0.5825728,Whistle,0
5.317047,-7.6699715,0.4422375,Whistle,0
13.923981,-4.425817,-0.64356506,Whistle,0
-17.092453,-3.931381,-2.6593542,Whistle,0
28.077583,-6.6265945,2.1437252,Whistle,0
31.153643,-0.26981688,5.1627774,Whistle,0
32.069717,-4.032504,-0.93350124,Whistle,0
30.328058,-10.636954,5.7890606,Whistle,0
4.2530937,-23.241808,6.9891195,Whistle,0
32.54651,-7.179764,1.9454107,Whistle,0
30.118572,-0.86514544,2.0707242,Whistle,0
32.367676,-4.323654,-0.9689185,Whistle,0
-11.883137,-7.457572,-0.2444526,Whistle,0
18.243671,-2.619713,-0.15884411,Whistle,0
17.75278,-12.4801,-4.866837,Whistle,0
-9.021854,-6.7135544,2.4028141,Whistle,0
9.747622,-4.0468407,0.17425561,Whistle,0
4.055065,-1.797238,3.1521869,Whistle,0
-83.41614,52.619743,-21.843771,Whistle,0
-146.65863,-14.562742,4.5015206,Whistle,0
-0.8603325,-5.5548553,-0.5825961,Whistle,0
1.0497494,-6.896837,1.2425292,Whistle,0
-127.09781,-13.320209,3.9958053,Whistle,0
-173.90524,-16.299198,5.295452,Whistle,0
-128.99484,-13.450535,4.0493083,Whistle,0
0.78712463,-5.37255,-1.693954,Whistle,0
-157.86172,-15.281473,4.851919,Whistle,0
-92.1324,50.057243,-17.729782,Whistle,0
45.609978,4.286955,-5.043006,Whistle,0
-2.7829514,0.44305348,-4.649576,Whistle,0
12.140722,-3.9603753,-0.123882055,Whistle,0
43.213802,2.3623736,-1.4129219,Whistle,0
18.366793,-9.865206,3.505836,Whistle,0
43.28694,-5.4558535,3.8291907,Whistle,0
50.809616,-0.626117,-1.3944296,Whistle,0
55.575424,-1.2483898,-2.5586045,Whistle,0
25.083721,-11.970966,-1.2139974,Whistle,0
50.23613,-2.004078,-2.679452,Whistle,0
54.190903,-3.4457917,-3.6433423,Whistle,0
44.386375,-0.19111109,0.9480665,Whistle,0
45.866524,-7.172845,1.5263574,Whistle,0
56.954807,1.7562249,1.2932844,Whistle,0
53.974476,-3.3564525,-1.6123646,Whistle,0
15.18427,-1.19209,-6.7034082,Whistle,0
49.549007,-0.9532145,-0.75452936,Whistle,0
52.793175,2.2567766,-0.5112287,Whistle,0
49.762367,0.22314715,-2.116319,Whistle,0
39.6384,-4.4908667,0.97600746,Whistle,0
49.966866,-1.0088118,-1.9192835,Whistle,0
48.745888,-1.1966755,-2.29719,Whistle,0
8.984798,-13.99629,0.017514467,Whistle,0
47.30201,-3.93242,-3.552529,Whistle,0
17.712803,7.0413485,-1.057012,Whistle,0
28.736504,0.5900667,-1.5154259,Whistle,0
35.145954,-15.761933,3.6058645,Whistle,0
45.234795,-1.8478718,-2.2670333,Whistle,0
33.8485,-4.304922,4.2903666,Whistle,0
-175.50662,-16.387632,5.326207,Whistle,0
-146.66368,-14.563933,4.519958,Whistle,0
-166.03452,-15.790519,5.0761747,Whistle,0
-14.69276,-1.6300025,-0.34855664,Whistle,0
-32.49149,26.288391,27.48192,Whistle,0
-74.0612,63.56309,6.687026,Whistle,0
-129.33661,2.454325,-19.041142,Whistle,0
3.735283,2.235699,-2.515913,Whistle,0
-172.58939,-16.198011,5.238329,Whistle,0
-171.87646,-16.170256,5.2353525,Whistle,0
-119.20166,32.305965,-35.634457,Whistle,0
6.317421,-4.7995777,-0.52520514,Whistle,0
9.133423,-4.535164,0.09501612,Whistle,0
-68.88866,63.044018,7.33453,Whistle,0
18.993576,-1.016372,-0.8075255,Whistle,0
-156.51924,-15.193852,4.805043,Whistle,0
10.15868,-5.745082,-0.27250326,Whistle,0
16.366076,-1.7054054,-0.9300833,Whistle,0
5.9060287,-8.647319,0.10260534,Whistle,0
14.213068,-5.0831165,-0.20734894,Whistle,0
7.9631023,1.8636849,0.30944407,Whistle,0
2.37949,-3.7110739,0.6786978,Whistle,0
-1.6810799,-3.4343996,1.522512,Whistle,0
-3.297104,-10.81709,2.7137003,Whistle,0
-0.37192345,-5.495765,-3.2389445,Whistle,0
-170.6843,-16.088917,5.182665,Whistle,0
0.67620087,-5.7736263,-0.017467618,Whistle,0
4.043789,-4.0299973,0.354056,Whistle,0
-2.9674797,-3.41837,0.48174524,Whistle,0
5.3186436,-4.409629,2.9749532,Whistle,0
-1.0497894,-4.004955,0.05728197,Whistle,0
4.0999107,-4.503334,0.42475486,Whistle,0
-149.59529,5.256853,-24.416904,Whistle,0
3.166151,-4.6776915,1.0637624,Whistle,0
-11.135532,-2.6316147,-0.9123411,Whistle,0
-4.872368,-4.047454,2.4433901,Whistle,0
6.152725,-6.6838026,-0.16135168,Whistle,0
-103.65326,65.32286,-25.671011,Whistle,0
52.264587,-0.5069299,9.565248,Click,1
9.955637,-28.249655,-9.889892,Click,1
8.761009,-23.288847,-49.402184,Click,1
31.789566,18.54675,-26.469332,Click,1
35.45141,-16.13336,7.1032324,Click,1
44.307945,-4.2296133,7.631633,Click,1
14.144335,-19.232325,18.391512,Click,1
32.484573,-2.737319,5.405979,Click,1
59.6988,-1.5721853,-8.88154,Click,1
40.497047,-5.231971,7.2671404,Click,1
32.32298,16.620602,-1.3378409,Click,1
50.24598,-13.226515,7.4319134,Click,1
35.922558,2.1802742,14.41658,Click,1
8.302216,15.489831,2.6680455,Click,1
21.290844,-24.599613,-6.6900773,Click,1
46.529293,3.9704635,-18.288694,Click,1
-7.642769,69.036644,9.51916,Click,1
29.687021,18.656221,-10.297417,Click,1
33.159973,6.3515205,-23.673258,Click,1
13.016481,26.992512,-13.201134,Click,1
41.5676,-22.161379,-5.5154276,Click,1
30.838427,-6.4426007,-1.1913921,Click,1
46.059834,-6.292529,8.36353,Click,1
48.692764,2.8986542,2.0808682,Click,1
37.006813,-2.5804405,8.457225,Click,1
54.351776,1.5239046,-17.288525,Click,1
42.483997,-4.9787273,20.719238,Click,1
25.958626,-0.84597373,-8.422258,Click,1
22.53693,-31.616892,5.0284076,Click,1
22.314772,-20.99508,-16.971727,Click,1
50.10524,4.3910313,13.551756,Click,1
51.298447,11.3708315,8.293048,Click,1
-5.4897156,2.427863,-14.863396,Click,1
31.077435,3.3440268,31.27555,Click,1
50.51638,10.093038,-7.111484,Click,1
39.47526,-15.576127,4.0383873,Click,1
23.391315,-7.7492285,3.5970201,Click,1
49.207798,-8.518079,-2.632235,Click,1
-1.0521164,8.580586,-17.312895,Click,1
50.664577,-6.48546,9.29162,Click,1
39.37835,-10.259314,24.654976,Click,1
32.653294,-43.508556,13.616554,Click,1
11.369936,-20.677507,-12.739963,Click,1
24.15458,11.223097,36.00969,Click,1
46.890495,-8.533894,12.368098,Click,1
17.352757,8.698242,-13.789555,Click,1
33.432396,-14.630069,16.118212,Click,1
41.216225,-18.750639,-7.538373,Click,1
35.511604,5.0591316,0.49712086,Click,1
8.204624,-25.986792,-5.491182,Click,1
44.912083,-10.584646,-21.500828,Click,1
48.976395,9.43837,12.275328,Click,1
39.889812,-2.2087855,8.067804,Click,1
22.109768,-7.0514727,-2.9271402,Click,1
27.984509,10.549787,-6.52845,Click,1
38.111645,2.807192,13.294561,Click,1
42.005573,-16.808273,-9.481518,Click,1
50.091038,-18.362955,-4.5799046,Click,1
58.38819,5.5283604,-5.2454634,Click,1
53.248924,2.40404,10.642463,Click,1
54.49354,-14.600208,-13.542701,Click,1
52.175594,-16.219421,-4.359933,Click,1
51.71371,-17.090172,1.0206409,Click,1
59.65596,-12.4563,-0.9408281,Click,1
61.816917,-8.168941,-9.836565,Click,1
61.83288,-6.2694335,-1.0225554,Click,1
32.488773,-9.395583,-16.345663,Click,1
33.88258,-14.011369,9.142726,Click,1
39.379387,-4.729893,1.4118199,Click,1
41.299637,-1.8017784,-0.73364824,Click,1
39.116295,-8.336169,-6.0363736,Click,1
44.880463,-1.6866224,-0.73750347,Click,1
27.960842,2.5016344,-7.5134354,Click,1
35.82836,16.217846,12.017518,Click,1
-20.96154,58.007244,24.577011,Click,1
21.95913,18.855717,-1.638834,Click,1
36.35202,-13.200613,8.757023,Click,1
28.080091,-0.86043787,-1.8046744,Click,1
17.24419,-0.7651899,2.438295,Click,1
50.022797,-4.6206875,-9.815391,Click,1
42.716553,-5.3580084,4.1856275,Click,1
4.178112,42.54579,3.079712,Click,1
48.19786,5.864538,9.966923,Click,1
-10.570419,25.57902,16.640358,Click,1
40.172005,14.972306,-8.555767,Click,1
37.963024,-7.7198143,6.0454884,Click,1
30.964453,1.7159817,-7.022576,Click,1
27.517496,-7.776129,3.9949155,Click,1
27.15561,18.95492,30.946453,Click,1
-11.594681,69.61479,8.142731,Click,1
6.7221527,-62.33376,10.455652,Click,1
15.870766,-30.263697,-23.224632,Click,1
33.708744,-31.152367,1.4735665,Click,1
-9.791107,-70.09889,-25.129953,Click,1
33.014404,2.1820133,12.66387,Click,1
-38.17005,-38.28466,-32.4129,Click,1
-26.020367,58.931065,23.908804,Click,1
28.47814,5.288205,9.624097,Click,1
13.9783745,12.646232,-13.35782,Click,1
-11.879803,-5.2835445,-3.3037252,Click,1
25.277857,29.930563,3.8186212,Click,1
-41.463463,2.766452,-36.609474,Click,1
15.8011055,-12.590108,-4.3184547,Click,1
9.096636,12.521296,-9.862323,Click,1
13.678417,-9.286719,-1.1735644,Click,1
8.860456,8.669076,6.5430956,Click,1
35.56809,-18.140984,-7.87511,Click,1
57.925034,-4.8391194,-2.2907002,Click,1
3.7043514,8.508808,-14.132763,Click,1
16.799652,1.9594915,28.271076,Click,1
-16.798744,61.366703,13.290644,Click,1
49.595078,-14.298211,2.0309677,Click,1
52.62957,6.9849777,6.4018745,Click,1
31.096636,9.527056,25.661896,Click,1
40.193466,-6.7483196,-27.56354,Click,1
48.639816,-2.1703405,8.485726,Click,1
30.490753,22.758957,-7.0908794,Click,1
25.740463,-5.20658,32.12125,Click,1
-14.71051,68.32727,-4.8675466,Click,1
49.64532,0.47897148,0.6376133,Click,1
36.371494,14.382434,-20.920132,Click,1
46.946457,0.27242017,-5.656449,Click,1
41.091133,-1.1837784,19.265759,Click,1
10.076706,1.7634819,2.1319008,Click,1
29.392908,-23.671831,13.40015,Click,1
17.647886,-1.4503728,33.005928,Click,1
51.991356,-5.5842724,7.0653496,Click,1
24.259212,7.4900017,-18.833551,Click,1
26.73032,-16.878872,15.161005,Click,1
42.321896,13.67343,17.4389,Click,1
52.52706,4.8803043,5.3913846,Click,1
-34.087303,-51.07866,49.59572,Click,1
-104.9792,-11.921132,3.2917967,Click,1
32.34079,-24.071047,8.295629,Click,1
-9.538742,2.0381567,-17.004608,Click,1
1.7620888,-1.4099053,-1.6463298,Click,1
32.79993,-26.314466,13.740897,Click,1
8.985968,-11.854804,34.73197,Click,1
34.79456,13.884675,1.1260812,Click,1
25.24563,-31.163042,5.9516735,Click,1
-1.0818176,33.424026,27.255714,Click,1
18.260706,-22.208624,-23.239714,Click,1
30.754557,-28.516525,-1.3975878,Click,1
13.001474,28.338837,-11.884331,Click,1
44.027172,16.95833,-3.8808234,Click,1
32.2722,-4.037338,8.980923,Click,1
6.2705345,8.411026,-20.56757,Click,1
35.21078,2.8054302,-4.9312925,Click,1
38.07579,-28.173239,15.99765,Click,1
-56.11547,41.502007,-42.50029,Click,1
38.37039,-22.550219,13.752894,Click,1
34.22145,9.12685,11.986109,Click,1
26.618023,-13.103563,-23.316353,Click,1
29.330564,-13.127722,-3.8758078,Click,1
25.058788,-16.750908,-7.5484147,Click,1
21.325588,0.38338256,34.916462,Click,1
4.0594807,12.324787,5.480822,Click,1
22.337566,21.714182,17.738518,Click,1
15.469072,-7.3492107,1.6129315,Click,1
40.683647,-15.697536,-7.742148,Click,1
29.471844,-31.526262,-2.2310815,Click,1
-1.673008,-4.7343187,5.349158,Click,1
34.925697,18.017284,6.861738,Click,1
28.007818,-34.317226,9.232994,Click,1
31.246204,-7.1852846,-36.88616,Click,1
14.404219,26.105194,-13.378963,Click,1
49.2368,6.769533,15.080988,Click,1
29.12514,11.74453,27.293362,Click,1
-4.652603,1.2316616,-0.552043,Click,1
26.319355,-10.202309,-1.0564345,Click,1
36.833687,-21.865166,-10.5181265,Click,1
-75.80847,-37.80788,-20.885292,Click,1
14.362736,-12.3773775,-10.74481,Click,1
14.029865,14.146182,-26.238733,Click,1
33.444008,18.989336,14.7311325,Click,1
26.781229,-1.9242289,12.712479,Click,1
-41.28971,65.33495,-24.026611,Click,1
43.731945,24.031263,5.9489017,Click,1
15.357786,30.022676,-13.162277,Click,1
26.610188,-10.470835,2.4783936,Click,1
44.551777,-9.486291,12.104216,Click,1
39.1282,-15.429595,-16.117369,Click,1
25.234673,-12.55656,16.855425,Click,1
21.563744,-15.903682,-0.64241296,Click,1
0.97675514,-10.0449915,-38.338566,Click,1
46.33817,3.2287376,-6.1482472,Click,1
-15.511318,24.861925,65.74627,Click,1
-31.702938,-29.976543,-29.556644,Click,1
13.772497,30.069601,-13.855177,Click,1
12.932283,-22.019033,-44.96445,Click,1
27.829779,18.836468,14.304886,Click,1
-7.4531364,-8.168195,-1.2520268,Click,1
-16.411968,47.533512,26.034664,Click,1
3.0186424,-4.192316,0.9043703,Click,1
-70.68684,26.203756,-34.923367,Click,1
-20.980171,61.737514,22.172531,Click,1
-100.15114,-11.342648,2.418726,Click,1
9.913387,10.900115,-21.83044,Click,1
-0.21150208,-22.54393,-10.800149,Click,1
19.455975,-24.337132,20.19253,Click,1
-98.58624,-11.374644,2.4599519,Click,1
-41.017204,59.30571,-27.173101,Click,1
17.07106,3.0860221,28.288576,Click,1
36.346592,-12.458381,-6.2980394,Click,1
49.450497,-14.904621,3.2092857,Click,1
28.444508,10.385608,-7.316506,Click,1
13.978701,19.37022,-6.0915694,Click,1
-6.0392113,35.37861,45.02201,Click,1
42.860756,-0.06414223,8.782254,Click,1
48.211014,-3.5597272,-0.38287497,Click,1
28.325146,-25.083952,-4.5115204,Click,1
18.147673,19.849981,-16.373962,Click,1
-9.369743,-10.249062,-0.33475924,Click,1
38.61892,-12.860222,14.712212,Click,1
32.60916,-4.430772,15.963018,Click,1
-4.1383743,43.841095,32.010307,Click,1
18.999779,-17.81843,-1.2614262,Click,1
4.5468006,7.879133,-2.1905081,Click,1
31.809576,-23.357773,-17.771124,Click,1
22.17337,-33.874466,-13.036497,Click,1
9.127529,22.944317,-7.4612384,Click,1
49.83664,3.315316,3.8150296,Click,1
-2.365284,-35.28012,-50.291084,Click,1
31.979685,3.6270387,-1.3116956,Click,1
26.146896,16.595316,20.271109,Click,1
27.881538,-33.213,0.41263974,Click,1
37.21328,-8.482968,16.302963,Click,1
21.290768,-37.225513,-3.2078629,Click,1
29.731007,-36.798473,12.899313,Click,1
-3.878231,-3.9039164,12.519601,Click,1
9.472639,-55.162476,-10.289421,Click,1
-5.797512,6.430889,-15.730019,Click,1
30.15902,-8.561934,39.763405,Click,1
-3.3684196,4.260619,-14.584732,Click,1
4.470438,-7.4392385,-7.2841024,Click,1
25.568213,21.36335,-9.625581,Click,1
42.930237,-7.388893,-11.215698,Click,1
25.231419,6.8032618,9.258145,Click,1
14.836277,-33.700092,-11.780456,Click,1
4.1193714,57.362083,27.609026,Click,1
28.561852,-6.664448,17.852966,Click,1
-6.946495,-11.197558,-9.306641,Click,1
23.948372,-24.76203,1.3233786,Click,1
4.2365913,-53.519966,33.241146,Click,1
-26.092522,-60.551,19.071356,Click,1
48.876495,0.07687831,-12.190647,Click,1
35.110435,-10.422287,-8.138328,Click,1
19.871876,0.958905,34.201485,Click,1
12.149559,1.4838412,58.50071,Click,1
39.04003,-21.346663,-7.3119392,Click,1
19.344006,30.820559,-14.0453615,Click,1
14.464148,-6.01733,-11.798968,Click,1
29.879463,-37.68406,1.4497328,Click,1
16.392582,-3.2931309,44.62064,Click,1
-3.2432213,-75.29597,29.346968,Click,1
20.407444,-19.201883,4.2724676,Click,1
20.452374,-37.763557,-5.5388513,Click,1
32.201797,26.732428,-1.694192,Click,1
18.76382,5.335616,9.2512,Click,1
9.496605,-12.323267,-19.0124,Click,1
6.505274,8.219422,-21.484898,Click,1
47.072037,6.006526,14.060855,Click,1
46.014988,-22.449987,6.3859115,Click,1
44.930923,16.84883,12.038452,Click,1
49.020332,-3.85495,12.534492,Click,1
19.234509,39.434784,29.832706,Click,1
4.4935226,-15.446486,57.81929,Click,1
27.866499,-36.607506,2.4769826,Click,1
12.944754,0.36011744,-4.2185707,Click,1
49.355923,-9.154917,12.424698,Click,1
19.294292,38.257626,24.89541,Click,1
38.59368,-1.0477903,-16.90261,Click,1
17.343552,-18.501225,-12.533956,Click,1
29.797276,-27.92711,0.30101025,Click,1
40.350517,-21.95074,2.1524372,Click,1
25.52179,1.3921578,26.765627,Click,1
31.693115,-12.46134,19.718279,Click,1
-15.32999,-4.661694,-69.6392,Click,1
17.4492,-30.093847,1.7685173,Click,1
10.525045,-16.329563,15.895012,Click,1
-43.892006,61.74088,-26.887312,Click,1
31.587381,-34.1747,8.755464,Click,1
30.352268,-31.770035,5.5016284,Click,1
38.000458,9.768922,18.541798,Click,1
28.064972,-1.8455238,-6.4960046,Click,1
39.260983,10.357568,7.1728916,Click,1
23.534916,-16.134157,16.804596,Click,1
-27.227451,-33.855442,-59.90146,Click,1
3.3951588,17.085983,-19.902693,Click,1
-27.836327,-36.419197,30.372372,Click,1
37.63798,-28.923552,6.9020777,Click,1
-7.6032867,24.930635,62.96295,Click,1
38.507282,-8.433946,-31.167162,Click,1
45.60303,-1.5446975,-7.686804,Click,1
43.200363,20.57995,10.7666,Click,1
13.961197,2.6010582,-50.085136,Click,1
42.294353,-13.665325,17.757225,Click,1
-40.37211,29.410074,16.054453,Click,1
44.494255,2.2611172,-7.46948,Click,1
-26.958866,2.6432288,-12.765504,Click,1
8.314104,3.6082222,-32.387264,Click,1
48.18795,8.419589,-5.6478896,Click,1
18.864788,-2.8106716,-1.0962657,Click,1
32.48712,-22.734816,-2.718683,Click,1
13.639151,-25.272585,4.1070056,Click,1
20.437313,16.033855,-17.503328,Click,1
-11.993477,-7.8744802,0.60637,Click,1
7.52013,18.48731,-22.547338,Click,1
48.362137,2.6855772,-10.981666,Click,1
48.506172,-9.764461,-16.133549,Click,1
36.07058,-3.7687182,16.079548,Click,1
26.311916,-36.248695,-4.2373366,Click,1
10.08419,18.619038,-17.992626,Click,1
39.592056,-0.61158967,8.94537,Click,1
-85.260796,10.107318,-27.748438,Click,1
17.754688,25.269594,-0.23248196,Click,1
50.169796,-14.55676,8.188722,Click,1
37.468597,1.2244508,-7.979662,Click,1
43.114365,0.38585663,-8.032125,Click,1
57.533047,2.9950774,2.5073714,Click,1
59.415894,1.5959876,3.355887,Click,1
59.471718,-6.034464,-1.4550129,Click,1
59.616753,0.040155172,4.602304,Click,1
47.52208,5.683874,5.751681,Click,1
54.852943,2.4894311,1.8728518,Click,1
50.490486,-16.955088,-3.0492024,Click,1
38.679832,-13.823402,-8.142545,Click,1
54.12703,0.49497056,8.204621,Click,1
46.704185,-1.0167844,8.975462,Click,1
47.690372,-11.770371,-7.5946407,Click,1
43.840137,2.5883763,-0.15913093,Click,1
45.193825,-10.467313,-7.763532,Click,1
44.747185,9.895581,-9.699416,Click,1
43.840137,2.5883763,-0.15913093,Click,1
45.193825,-10.467313,-7.763532,Click,1
44.747185,9.895581,-9.699416,Click,1
43.840137,2.5883758,-0.15913093,Click,1
45.193825,-10.467313,-7.763532,Click,1
44.747185,9.895581,-9.699416,Click,1
25.150003,-2.675948,2.203189,Click,1
30.000875,3.2913373,-15.778493,Click,1
42.288452,-4.4548993,19.459469,Click,1
14.477953,-18.363853,-14.452392,Click,1
10.206272,46.767014,19.483849,Click,1
9.604919,-18.332756,-5.9643803,Click,1
37.059284,-2.976301,17.844536,Click,1
43.840137,2.5883758,-0.15913093,Click,1
45.193825,-10.467313,-7.763532,Click,1
44.747185,9.895581,-9.699416,Click,1
24.386698,-13.011024,-14.622898,Click,1
17.6094,-18.677292,-4.8164825,Click,1
23.067467,29.332853,8.318394,Click,1
45.63612,11.36904,7.612855,Click,1
-6.7843056,33.013813,-9.254,Click,1
36.419212,7.7388096,24.646965,Click,1
6.578903,19.916998,-22.633066,Click,1
39.512066,-21.500162,16.672407,Click,1
29.082254,18.270441,-15.39558,Click,1
49.4578,-4.364035,1.3641157,Click,1
31.827547,12.552066,-0.04456222,Click,1
12.161753,-2.3952894,-19.017302,Click,1
24.256437,-32.62982,-1.3354305,Click,1
39.087887,-20.723074,-2.8738062,Click,1
40.79122,12.097759,13.209103,Click,1
53.26741,2.417754,8.5018635,Click,1
29.354422,20.962809,-17.531166,Click,1
-20.828354,58.09136,23.989399,Click,1
-14.514614,-28.814104,-43.766205,Click,1
45.566093,18.138596,9.388075,Click,1
43.14625,11.911196,-19.198755,Click,1
43.707348,11.556495,-13.588295,Click,1
19.31065,-31.981468,-0.19983327,Click,1
-19.603577,-1.0295979,-5.0069795,Click,1
38.037144,-2.7803285,-29.695595,Click,1
35.010487,-25.014456,15.907576,Click,1
44.361145,-24.287653,5.338677,Click,1
30.315777,-36.986412,11.853169,Click,1
7.010153,44.595295,41.65973,Click,1
4.321348,17.95593,-17.88664,Click,1
12.542208,-1.2632718,-5.5251694,Click,1
18.876421,3.6220038,-27.252806,Click,1
18.011637,-22.517157,18.838463,Click,1
1.9028664,60.48394,21.870977,Click,1
20.866507,31.324125,-15.858479,Click,1
31.770718,-26.041023,1.6131864,Click,1
41.45244,-16.07388,11.208161,Click,1
35.02741,-5.938635,19.061123,Click,1
7.247219,3.5341375,-9.999597,Click,1
31.700682,-20.62085,-12.111301,Click,1
30.900877,-2.1330197,29.6629,Click,1
29.090782,-14.550874,-8.965008,Click,1
37.000397,14.482467,23.34354,Click,1
14.73996,-19.768389,-5.010548,Click,1
23.159271,13.97586,-12.511763,Click,1
36.381607,6.6872177,20.71744,Click,1
12.586298,-31.934103,-13.110707,Click,1
36.055744,-27.195492,9.547344,Click,1
40.89405,-14.5694,19.701986,Click,1
-4.231903,-13.918444,-8.935266,Click,1
33.106087,7.6835356,30.448097,Click,1
8.982729,-15.407508,-0.71320397,Click,1
9.198627,-3.841544,34.057175,Click,1
10.431681,-25.054144,-7.6786256,Click,1
21.705181,30.643454,8.38416,Click,1
8.390892,18.528711,-19.918594,Click,1
17.174038,-10.462218,13.997143,Click,1
17.128937,15.966205,-4.9434423,Click,1
31.76842,-29.973183,10.6194105,Click,1
16.627884,-17.339722,-8.835618,Click,1
19.425201,19.668653,-5.43904,Click,1
42.215,11.531474,9.856796,Click,1
25.675804,18.333055,6.6960697,Click,1
13.845066,-13.065484,7.1281643,Click,1
19.588413,-34.964096,-8.828192,Click,1
-12.586308,-2.7016413,-1.7443682,Click,1
7.3694077,32.123787,22.326166,Click,1
21.895971,-9.635971,-20.866732,Click,1
47.651096,0.7354193,-5.3671837,Click,1
16.574009,-20.771729,16.779602,Click,1
11.259796,0.20745492,-23.865822,Click,1
13.408199,3.8470843,-11.96124,Click,1
30.039808,-3.785679,-20.55111,Click,1
23.30437,-8.14867,-4.250416,Click,1
0.70368385,-4.587866,3.8024578,Click,1
30.196775,-25.441957,15.465227,Click,1
50.106533,-9.809632,12.577281,Click,1
36.091843,-11.888925,22.153852,Click,1
8.401878,-4.56964,41.368843,Click,1
25.010326,32.431343,5.4224296,Click,1
21.594162,10.23978,37.706425,Click,1
-27.324265,9.481471,-30.52917,Click,1
44.131363,8.815272,8.718205,Click,1
29.144514,-23.978716,7.235941,Click,1
18.619722,6.9822426,15.777809,Click,1
23.545418,-6.155386,4.448154,Click,1
1.232027,15.450164,-43.017853,Click,1
-12.331478,-13.689171,-6.3912797,Click,1
39.623596,-26.805077,9.411241,Click,1
40.217255,-8.6095915,1.9822564,Click,1
45.985844,-1.7546201,12.81758,Click,1
20.498158,-4.388713,4.495595,Click,1
30.363428,-9.279439,30.788414,Click,1
-9.508717,-79.39244,9.950069,Click,1
12.359777,29.728739,-19.010225,Click,1
-93.54623,0.72570086,-14.752562,Click,1
22.345686,-5.565752,24.146738,Click,1
23.998158,32.617737,-4.5016537,Click,1
-28.444168,63.226376,-28.276031,Click,1
62.70026,0.3873651,-18.079239,Click,1
66.11398,2.9003012,-4.210862,Click,1
10.031277,20.409794,-18.669834,Click,1
13.39596,18.44862,-9.817335,Click,1
-47.208786,-61.09684,-6.583473,Click,1
41.225616,-17.71178,-0.4145291,Click,1
38.814617,-26.167727,3.3000116,Click,1
-49.60997,-65.80246,-30.033379,Click,1
-2.6743546,-16.648607,-5.206719,Click,1
3.3621178,61.01902,19.96559,Click,1
-32.115154,-74.78694,-19.259727,Click,1
-52.009422,42.469193,-44.037487,Click,1
23.673023,37.252056,2.9633756,Click,1
56.435043,-6.4227986,-16.2887,Click,1
16.102303,-6.361449,23.619974,Click,1
16.320854,12.437562,12.023544,Click,1
29.682013,3.4803183,-2.0091105,Click,1
-17.37027,-28.779375,-68.647514,Click,1
-81.629326,11.390361,-29.536995,Click,1
36.324524,-14.631226,20.266323,Click,1
44.220768,12.501995,16.61164,Click,1
21.485435,-15.737452,-20.09578,Click,1
25.599112,-9.464152,-8.155564,Click,1
15.958966,-8.206058,14.230386,Click,1
17.10229,-9.691569,-20.89345,Click,1
22.988522,30.653425,-12.422298,Click,1
-58.67756,-41.81455,12.91016,Click,1
10.100004,-34.97966,-16.413757,Click,1
-2.8852158,-0.7684176,5.280607,Click,1
5.5400677,-4.4294996,-0.35480487,Click,1
35.68302,27.230005,11.1546135,Click,1
47.318348,3.4876678,2.8621106,Click,1
0.42339706,-7.323633,-12.033018,Click,1
34.335327,-14.713597,8.852957,Click,1
15.887774,30.227385,-15.356383,Click,1
30.859978,-29.987793,0.93583155,Click,1
25.387682,1.9104693,30.911858,Click,1
3.1360226,-7.859478,32.244614,Click,1
17.853165,30.587244,-12.377962,Click,1
22.164835,27.418457,-15.16564,Click,1
-54.2912,-17.76126,-51.5723,Click,1
32.904392,-39.470943,12.454508,Click,1
-86.116516,-1.1171668,-12.102103,Click,1
9.440075,45.1638,42.259926,Click,1
37.373272,-28.918335,-9.047681,Click,1
27.998089,-40.44786,-1.1123824,Click,1
51.34971,-10.764777,9.985599,Click,1
25.098934,-6.8454227,15.422386,Click,1
32.292168,-1.1848474,14.253277,Click,1
1.6907673,-7.0597925,3.666245,Click,1
37.36048,4.3048763,5.378882,Click,1
38.256176,-2.2350101,-2.527925,Click,1
7.3613186,57.013374,28.931366,Click,1
-46.532394,40.36904,-11.295643,Click,1
-13.956436,64.87206,17.367426,Click,1
13.637882,15.055596,13.335764,Click,1
2.1874962,-16.765938,-1.264504,Click,1
-39.597206,26.873205,17.72863,Click,1
18.368847,7.629775,11.694725,Click,1
-4.084049,-10.046781,-2.5260289,Click,1
5.5142784,-22.11756,-11.644238,Click,1
5.1763554,-21.98166,-5.4598866,Click,1
-7.99234,4.494524,-9.293417,Click,1
-32.69216,62.195324,-26.934294,Click,1
35.83753,10.960693,11.902754,Click,1
23.120316,18.29242,26.939884,Click,1
-2.3954506,-8.413116,-10.980781,Click,1
18.887192,-43.107014,-6.2854085,Click,1
16.800697,-10.251514,-22.184767,Click,1
30.720413,-36.272358,17.729986,Click,1
-35.325592,42.985397,8.730166,Click,1
-41.822487,35.47996,16.137983,Click,1
-93.27974,-11.010904,2.5427637,Click,1
-5.374798,27.8287,64.0575,Click,1
5.1487083,-60.040684,17.047852,Click,1
-6.2665634,3.7144778,-10.18009,Click,1
43.512833,14.954822,7.3595324,Click,1
-29.146671,66.47491,-26.176962,Click,1
-14.416698,12.224164,19.289425,Click,1
-29.146671,66.47491,-26.176962,Click,1
-14.416698,12.224164,19.289425,Click,1
5.5859184,17.652605,-26.429081,Click,1
3.6990376,22.659794,-22.044456,Click,1
14.245983,-1.3216318,12.299531,Click,1
39.810474,24.723787,11.5938635,Click,1
-17.715397,11.38697,16.72125,Click,1
21.165981,-28.220226,33.04569,Click,1
-25.899189,8.712223,16.560785,Click,1
28.295889,-31.707027,2.0040498,Click,1
17.438152,20.016087,3.29502,Click,1
30.388823,-20.545607,16.05373,Click,1
-34.92238,66.00763,-27.64811,Click,1
27.823885,4.40149,33.065845,Click,1
-25.028614,7.9962654,14.416184,Click,1
3.0255375,17.123913,-22.461412,Click,1
-97.60794,-11.35676,2.743763,Click,1
5.7730904,-29.085472,-17.367355,Click,1
8.739771,-32.610268,-18.109589,Click,1
23.910889,-12.439209,-7.120618,Click,1
-64.658356,27.521019,-32.442024,Click,1
38.476166,-19.71909,-22.06533,Click,1
28.600033,9.887524,30.387749,Click,1
-22.000137,-80.605705,-10.187142,Click,1
21.681484,-49.857956,22.087372,Click,1
50.05416,-10.261905,-11.522204,Click,1
34.508053,2.5891178,-31.506207,Click,1
15.380086,10.134613,7.0810785,Click,1
6.0852757,-3.9937863,4.3091817,Click,1
32.257378,15.676961,1.1219509,Click,1
-39.28244,23.923534,15.738703,Click,1
18.920517,16.065039,0.8614416,Click,1
13.011194,-21.631289,0.97628975,Click,1
4.210554,-6.408173,-0.5495996,Click,1
-36.91501,61.57886,-27.383732,Click,1
0.45121574,-27.786423,-12.237717,Click,1
5.891882,-4.433687,-0.06226313,Click,1
-66.05459,37.52823,-39.25543,Click,1
15.334217,38.444893,21.999783,Click,1
-56.389526,29.241938,3.8311038,Click,1
27.029512,-15.125412,-36.77423,Click,1
48.764023,-7.7631025,11.4325485,Click,1
37.732162,-24.16769,10.893803,Click,1
62.50753,-4.6435604,-6.8429713,Click,1
45.044163,-6.7667513,18.51322,Click,1
42.41266,-8.01838,-23.70033,Click,1
49.281536,-18.581642,6.3304834,Click,1
-16.207932,-38.034473,33.56579,Click,1
19.867767,-8.749936,3.9778795,Click,1
-57.163246,38.26573,-40.885117,Click,1
24.479235,-39.897343,-5.0454025,Click,1
53.023094,-9.650045,14.807358,Click,1
-1.6708488,2.715864,-13.256486,Click,1
11.182329,0.525784,58.35536,Click,1
24.54872,24.190006,-15.111513,Click,1
24.346315,8.40531,29.831728,Click,1
54.631096,-13.75182,3.5139885,Click,1
-6.021099,-10.121475,9.48972,Click,1
38.35486,14.951148,0.14921677,Click,1
-8.25042,-3.736123,26.01919,Click,1
13.071369,4.6776953,-11.729683,Click,1
18.350851,7.21292,-17.84907,Click,1
-3.9853287,3.8453028,-15.816644,Click,1
37.428394,-22.220568,-17.292664,Click,1
41.066902,-32.016434,4.74868,Click,1
38.204792,17.22892,22.280083,Click,1
28.102093,32.53002,9.115209,Click,1
8.657497,4.1808786,44.36127,Click,1
24.713123,-29.10105,-1.8397886,Click,1
-103.08107,-11.673424,2.9823108,Click,1
-0.61668587,0.5527525,-8.016074,Click,1
20.43484,29.561113,-8.833273,Click,1
13.442171,-22.826042,4.4473643,Click,1
32.397865,-12.495902,-14.632386,Click,1
25.322556,16.08347,15.446758,Click,1
1.0318031,-66.89237,-5.3529677,Click,1
4.637768,-13.4399185,-7.925059,Click,1
-20.716587,46.792267,-6.8210254,Click,1
-14.941414,-4.0312347,0.70972633,Click,1
-88.26294,-10.607674,2.4433908,Click,1
21.308167,-41.701057,-5.397399,Click,1
40.45391,-8.193297,22.95063,Click,1
9.036312,19.455404,-21.551899,Click,1
7.398632,-28.259752,-17.325096,Click,1
11.215698,-26.766672,-31.066221,Click,1
12.239412,2.48053,-10.612519,Click,1
37.53965,4.2979183,23.446655,Click,1
46.536522,-0.31250548,12.833785,Click,1
-11.688412,68.986145,7.576166,Click,1
-6.886322,30.341589,63.89634,Click,1
8.754,-32.861923,-7.0511312,Click,1
35.25284,-10.411547,17.35075,Click,1
18.109879,-6.839399,-8.501335,Click,1
11.1077175,11.83123,-28.979986,Click,1
39.57624,1.4883049,5.0598655,Click,1
5.5015564,13.833594,-11.686436,Click,1
-1.1406059,3.8981807,-13.198154,Click,1
46.08835,-5.1360807,9.71366,Click,1
21.418728,29.720499,3.3464785,Click,1
24.758503,4.6095552,23.387194,Click,1
38.722893,3.7375395,17.53846,Click,1
-12.430008,-4.2688885,-1.453378,Click,1
44.06784,2.149525,3.8889022,Click,1
-0.06231308,6.163747,-2.4333596,Click,1
-10.920761,70.03909,9.261674,Click,1
16.266235,-24.956537,23.409662,Click,1
9.417065,-32.17883,-13.711511,Click,1
31.780853,18.943394,3.4782891,Click,1
18.175652,-25.398138,-19.68433,Click,1
23.20544,31.771284,-2.9365702,Click,1
-54.857567,41.87424,-43.1433,Click,1
-18.51677,21.287128,-2.8404617,Click,1
16.931412,11.6912985,-20.541925,Click,1
38.519577,15.795962,-4.117966,Click,1
29.790033,-19.633043,14.106272,Click,1
-11.400642,-2.1932344,1.4552925,Click,1
30.79178,-25.080093,-7.813719,Click,1
-41.809837,-68.595146,-18.044548,Click,1
-4.1798134,4.2641497,-3.211389,Click,1
32.575146,1.3733428,13.14036,Click,1
-13.2571945,-1.6476197,2.9962053,Click,1
37.529568,19.010277,15.080988,Click,1
-23.81564,-49.20339,49.67534,Click,1
-13.650097,-3.461903,1.5186102,Click,1
-17.90836,61.875034,21.938433,Click,1
-10.286255,71.72378,3.9647155,Click,1
18.344067,-54.428406,-5.072852,Click,1
53.955864,-6.5087194,8.455618,Click,1
19.439966,18.97769,4.6788673,Click,1
8.501308,41.856934,-7.508974,Click,1
6.86627,47.299786,-16.462532,Click,1
15.655498,-57.176044,-0.16731226,Click,1
61.546745,-1.0328474,-1.4400113,Click,1
21.295341,30.387854,14.378737,Click,1
-18.852886,-29.797983,22.04868,Click,1
-63.706154,39.059353,-41.65867,Click,1
-40.280617,-70.012436,-5.9047346,Click,1
-101.08855,-11.410398,2.6562896,Click,1
-58.78179,41.65833,-43.150387,Click,1
-38.12613,66.05741,-28.537428,Click,1
-20.771744,-27.046892,21.756657,Click,1
-25.964008,36.735535,-47.71044,Click,1
-22.08928,4.931308,36.314613,Click,1
-100.83429,-11.463119,2.819302,Click,1
-59.323853,41.247227,-42.540543,Click,1
-38.76243,63.72263,-30.40262,Click,1
-103.765396,-11.568841,2.4467707,Click,1
-61.164078,40.35035,-42.798523,Click,1
0.28590202,-57.737137,40.213566,Click,1
-82.6942,-22.88588,19.014154,Click,1
-64.072685,8.305388,34.527615,Click,1
-14.133396,44.83384,-46.713245,Click,1
46.010654,-9.538316,9.056592,Click,1
12.709305,40.402122,-7.1993127,Click,1
-10.916744,64.193344,17.225143,Click,1
-99.540344,-11.21502,2.0513794,Click,1
-57.74006,41.32723,-43.0531,Click,1
-15.389416,-67.293526,31.089668,Click,1
-84.61773,5.6311445,-21.010208,Click,1
-37.32116,39.417946,36.597176,Click,1
45.263412,18.936684,-0.9596723,Click,1
52.22061,-11.061618,6.0177135,Click,1
30.576979,28.323652,13.380715,Click,1
2.2080746,49.87874,36.64511,Click,1
4.324814,52.947456,26.426928,Click,1
2.6195126,36.939476,3.304597,Click,1
-99.41725,-11.068877,2.025577,Click,1
-33.59732,-1.3442285,69.27764,Click,1
29.45376,-13.855433,28.423618,Click,1
56.52141,4.56415,-1.8119599,Click,1
38.575497,-2.1630077,18.903294,Click,1
-8.243816,-70.10164,30.944721,Click,1
-34.539764,0.13406205,66.67813,Click,1
-31.483212,47.52464,40.0506,Click,1
-39.62941,-76.899,-13.403349,Click,1
-40.80275,64.54997,-23.567924,Click,1
-64.58207,38.93188,-40.20533,Click,1
-31.618942,5.7675867,-2.3710456,Click,1
-18.137371,-21.94583,62.922012,Click,1
2.3865986,1.0789318,14.285599,Click,1
7.416809,55.216156,22.218721,Click,1
10.74284,-51.496593,46.461533,Click,1
-6.144184,-74.84879,24.911186,Click,1
-98.06807,-11.343496,2.0137265,Click,1
-31.95092,48.18995,41.442825,Click,1
-43.930862,-75.2754,-13.727708,Click,1
-63.791107,-55.43638,-23.602777,Click,1
-12.757805,-56.56347,-32.512367,Click,1
-8.535946,-75.73181,26.615284,Click,1
-4.1033516,4.1380787,56.37436,Click,1
27.877502,19.82306,29.615788,Click,1
-7.0849648,29.04665,63.430946,Click,1
-7.9451103,-41.729855,12.347741,Click,1
30.529154,-24.720629,-25.468775,Click,1
-8.084976,-74.49388,24.096514,Click,1
-17.618546,64.63328,2.7438273,Click,1
-61.38314,34.81831,5.34306,Click,1
-68.725914,10.04144,45.69585,Click,1
-104.73013,-11.5880165,2.520265,Click,1
-4.4411926,2.4845326,-65.886925,Click,1
-106.50963,-11.789098,2.9343314,Click,1
-31.807476,-79.27467,-5.972551,Click,1
-19.67839,-78.971085,11.091954,Click,1
2.7679462,3.6343687,53.483757,Click,1
43.74396,1.6664798,-1.749582,Click,1
-14.32695,29.615725,62.897575,Click,1
-50.193893,-66.067444,-30.669727,Click,1
-14.602432,-9.741869,-73.02213,Click,1
-11.709892,-75.503395,18.918993,Click,1
-26.394817,62.860767,-10.926335,Click,1
-99.24341,-11.223825,2.0000522,Click,1
-108.95657,-12.176475,3.2053366,Click,1
-72.3522,-51.9472,-19.655134,Click,1
-48.911255,14.085858,-65.27368,Click,1
-23.630676,28.871721,56.011078,Click,1
13.659943,1.8821194,0.8260937,Click,1
62.613358,-0.2405672,-3.964661,Click,1
60.15463,-0.467283,-2.9354744,Click,1
-36.55239,43.941498,41.530186,Click,1
7.2801857,0.61808324,5.1658883,Click,1
53.444336,0.17520595,-2.553804,Click,1
21.103207,-6.387093,4.4457498,Click,1
30.659678,19.335487,-24.633259,Click,1
61.913506,2.7778046,-1.911685,Click,1
38.735985,-3.308855,-41.384544,Click,1
8.608801,2.5583618,58.28935,Click,1
13.002153,6.533803,-22.407421,Click,1
-2.3742142,-1.204612,17.242138,Click,1
8.151173,10.128576,-56.598804,Click,1
14.206287,-61.01405,37.62089,Click,1
-19.644482,22.976011,44.53493,Click,1
30.07545,9.370167,-21.96935,Click,1
-8.077652,12.389807,-1.1034424,Click,1
14.468124,-1.3093114,-45.598965,Click,1
16.335701,4.4961576,55.19552,Click,1
28.088934,12.356186,-30.036043,Click,1
-12.1926155,18.024849,17.007408,Click,1
53.368023,0.95796514,-15.712098,Click,1
19.5845,-56.9834,37.725502,Click,1
7.2830048,-3.292069,20.225294,Click,1
30.543022,4.503579,2.1416433,Click,1
69.73875,0.39297342,-5.8468423,Click,1
71.02446,0.61890864,-5.7759686,Click,1
57.98345,2.391669,-3.413434,Click,1
71.627396,0.46510148,-5.951588,Click,1
69.03499,0.5795753,-5.7392344,Click,1
-82.747185,11.010759,-28.87052,Click,1
-45.05329,56.82555,-15.958497,Click,1
-22.728157,-16.508087,9.39423,Click,1
-34.35833,66.90626,-27.046091,Click,1
-56.411034,-64.92171,-29.706718,Click,1
-33.004875,2.296799,76.78227,Click,1
-61.46135,-56.484497,-26.528671,Click,1
-86.82166,10.411936,-28.172941,Click,1
-61.528755,41.43658,6.0859756,Click,1
-12.504135,-30.325861,-44.302574,Click,1
-37.592827,64.29305,-29.283363,Click,1
-47.22631,-48.844883,-49.815506,Click,1
-11.283035,31.152067,52.584106,Click,1
-57.325745,-59.253384,-25.417984,Click,1
-15.175827,-19.98921,-67.613976,Click,1
40.999878,-15.904611,25.011108,Click,1
54.544125,0.0049624443,5.4415755,Click,1
-35.5963,66.60585,-28.482103,Click,1
24.593973,-17.281881,32.08354,Click,1
-100.676315,-11.487447,2.466226,Click,1
-60.632004,39.45067,-42.062187,Click,1
-57.541733,39.216675,-40.640476,Click,1
-95.57291,-11.157882,2.5474858,Click,1
-95.104355,-10.943782,2.3459778,Click,1
-95.38274,-11.088102,2.5745425,Click,1
-50.851616,-62.430725,-29.350924,Click,1
-12.320206,70.821396,1.3107126,Click,1
68.87669,0.81154776,-5.742344,Click,1
-6.270729,-15.52385,-75.243546,Click,1
-30.05849,48.239296,39.81838,Click,1
25.63898,5.634287,24.536287,Click,1
-37.037613,65.63248,-28.780125,Click,1
28.799507,-9.637086,39.850872,Click,1
-104.33626,-11.756836,2.7580004,Click,1
-66.12084,36.327156,-39.599693,Click,1
-60.066383,35.294083,-37.36339,Click,1
-96.144684,-11.23634,2.6362853,Click,1
-96.323456,-11.067207,2.4734344,Click,1
-96.82434,-11.216594,2.723082,Click,1
-48.940536,-65.366646,-30.232054,Click,1
-33.082756,67.40047,-26.33284,Click,1
51.324112,-1.338643,-3.7117956,Click,1
56.189793,-0.9571799,-4.4420643,Click,1
53.202415,-1.6924257,-2.9547944,Click,1
57.77466,0.6896658,-4.3015146,Click,1
60.38054,-1.8043836,-2.979661,Click,1
54.04772,-4.43194,-3.199655,Click,1
51.772118,-5.1394653,-0.725654,Click,1
-11.540123,-17.595982,20.481031,Click,1
48.84294,-13.509436,-0.522053,Click,1
30.415146,-4.1822295,-2.5822291,Click,1
70.124084,1.2320192,-6.387116,Click,1
70.135155,0.38268638,-5.8495274,Click,1
69.943695,0.17212796,-5.943709,Click,1
63.964565,-0.917385,-1.895962,Click,1
6.059696,-20.124895,-54.580067,Click,1
-1.1686478,-72.66458,28.989565,Click,1
-31.628605,-2.7206922,30.241104,Click,1
-0.97143936,40.926632,23.968786,Click,1
-12.104893,-22.930552,63.348274,Click,1
11.518461,-1.9729493,50.872917,Click,1
4.85186,8.991019,-58.253304,Click,1
14.236639,-52.955738,-10.453548,Click,1
-1.406208,-10.264437,20.5324,Click,1
26.587051,-6.3261514,-40.925255,Click,1
14.183531,-34.795555,-27.242922,Click,1
-4.924637,-58.725418,-41.44516,Click,1
2.9701385,-25.473879,-52.60095,Click,1
-10.134197,-72.014984,28.45529,Click,1
-43.106194,-1.0971661,25.752235,Click,1
-24.552715,27.913704,7.3605394,Click,1
-70.30785,8.986521,38.01826,Click,1
-1.6788063,-18.333168,45.955418,Click,1
-39.317825,58.165443,-27.186934,Click,1
-1.403038,-55.32864,-19.828707,Click,1
-44.042343,-44.01557,20.587463,Click,1
0.16831207,-6.4835134,-42.1419,Click,1
-1.5467873,-59.264023,-18.00524,Click,1
3.9255352,-34.37796,-50.738182,Click,1
-84.8378,8.504525,-25.652458,Click,1
-36.656975,-3.5191073,71.94337,Click,1
-22.987892,17.2941,67.101074,Click,1
-21.905396,-56.47164,-37.89256,Click,1
-33.419884,-0.27296114,74.81567,Click,1
-31.676136,-77.36074,-6.814058,Click,1
-39.505836,64.9225,-24.226578,Click,1
-82.19719,9.201191,-26.57825,Click,1
-12.429871,-28.161629,65.64265,Click,1
-29.257404,2.7545578,76.13732,Click,1
-61.702126,-17.276402,-49.095345,Click,1
-33.083473,-1.278411,73.41488,Click,1
-37.35325,-77.338585,-7.273788,Click,1
-27.48869,67.6212,1.3164291,Click,1
-105.96492,-11.840817,2.8345613,Click,1
-36.471718,1.5841668,70.33797,Click,1
-49.07415,50.123573,-21.982996,Click,1
26.762081,28.188389,21.167637,Click,1
-23.395092,-27.45637,-67.27169,Click,1
-32.681805,46.968086,41.07367,Click,1
-52.916367,-65.09578,-29.907038,Click,1
-80.384155,-37.734528,-20.881508,Click,1
-23.850628,58.89398,18.865002,Click,1
-58.932793,-12.024177,-51.07969,Click,1
-41.62403,60.373253,-31.502756,Click,1
-32.048115,48.188175,39.68824,Click,1
-15.788937,-58.30702,-42.058815,Click,1
-109.5096,-12.094413,3.1441984,Click,1
-62.782288,12.0758095,45.52755,Click,1
-101.10808,-11.646518,2.5457516,Click,1
18.794502,29.44731,26.384752,Click,1
-33.772736,-39.752293,-60.979694,Click,1
-33.4777,46.030045,41.274967,Click,1
-53.819168,-63.687748,-29.11194,Click,1
-81.39141,-37.737446,-20.841497,Click,1
-36.79193,45.258316,35.705322,Click,1
-79.57338,11.446097,-29.843746,Click,1
-39.179016,63.344746,-29.169415,Click,1
-32.113132,47.690815,40.09889,Click,1
-17.586273,-22.128164,-70.39266,Click,1
-27.77272,2.158932,76.00609,Click,1
-75.73564,-37.843784,-21.840673,Click,1
25.26364,-17.737453,-42.33939,Click,1
4.6202583,45.604034,35.00914,Click,1
-39.21521,60.38292,-24.29741,Click,1
62.433216,1.3148983,-3.4336185,Click,1
38.711987,-27.343563,28.244726,Click,1
-11.603794,25.483353,36.237526,Click,1
-18.185722,69.503006,-8.543054,Click,1
-24.114445,-80.72606,-12.880467,Click,1
34.555443,28.205072,7.1896706,Click,1
-3.7591476,-77.39263,16.88877,Click,1
27.453117,25.639757,29.75305,Click,1
-17.238544,-31.793573,30.856174,Click,1
-33.98156,1.6382897,71.5665,Click,1
-76.9889,-38.07893,-21.897223,Click,1
-8.441608,-64.07443,-35.150646,Click,1
6.7656803,47.101128,37.84559,Click,1
-47.76538,50.414654,-25.083536,Click,1
51.17392,8.207661,5.1325035,Click,1
21.363457,-29.412794,29.662441,Click,1
-45.708344,30.85401,9.98741,Click,1
-35.326775,66.18545,-28.166819,Click,1
-27.117462,-80.81883,-11.955016,Click,1
28.38843,31.007078,14.407842,Click,1
-18.717567,-65.96294,32.219147,Click,1
-12.4103775,49.59858,16.469097,Click,1
-12.48917,-28.39709,63.664856,Click,1
-82.19258,11.025527,-29.11267,Click,1
2.8664322,53.954662,22.80089,Click,1
-9.297077,-30.26682,16.224474,Click,1
-43.78868,41.30276,43.333767,Click,1
-53.067345,45.79924,-22.244247,Click,1
27.277777,35.00686,22.521984,Click,1
3.3400135,-58.394257,-5.673145,Click,1
-43.589943,6.018918,69.67132,Click,1
-42.557526,-43.119133,35.557693,Click,1
-43.015892,-42.065956,36.90895,Click,1
-59.07306,-20.469545,47.928764,Click,1
-42.37068,-63.17819,-12.901569,Click,1
-18.712566,36.42994,53.623634,Click,1
4.443533,5.3193636,57.37196,Click,1
45.845364,-14.07321,-12.36472,Click,1
6.7056274,-59.697784,36.512,Click,1
7.8230305,-57.812447,9.659153,Click,1
-94.92774,-10.928033,2.0017376,Click,1
-59.85543,-48.921425,-25.081938,Click,1
-18.384491,32.802753,54.11864,Click,1
1.1413746,-8.877833,57.46724,Click,1
27.659569,-41.2653,-10.5476675,Click,1
-100.48131,-11.560375,2.57091,Click,1
-99.20039,-11.409249,2.0999162,Click,1
-35.945206,65.760735,-28.626286,Click,1
-40.923035,11.47962,-59.70475,Click,1
-59.872566,-57.608215,-25.167223,Click,1
-101.53975,-11.593666,2.630793,Click,1
-100.18724,-11.437476,2.1698482,Click,1
3.290697,57.96609,18.29753,Click,1
-63.97962,36.159626,-37.823902,Click,1
-59.695,-62.636227,-27.536814,Click,1
-17.828274,34.492783,22.58837,Click,1
61.49662,-0.9752555,-4.079235,Click,1
11.882103,8.122348,-56.673927,Click,1
-54.71431,-65.00672,-28.987597,Click,1
51.79048,-2.6651764,-5.6325955,Click,1
13.951143,-7.503976,3.8132243,Click,1
43.94439,-2.661999,-0.5738959,Click,1
1.7665291,-15.878108,33.61044,Click,1
8.806839,-12.075743,9.415973,Click,1
20.242989,2.3180091,-18.968683,Click,1
47.101368,-9.26374,-4.036092,Click,1
62.049793,-0.81090474,-2.213269,Click,1
65.39297,-1.2573079,-4.3042774,Click,1
-59.84944,-1.601969,49.940357,Click,1
46.47917,-1.8780658,-2.342259,Click,1
26.451576,0.3341868,-46.631203,Click,1
-55.938606,-67.97258,-30.076612,Click,1
43.144745,-0.62627673,-6.197742,Click,1
15.387929,-8.353666,3.7161474,Click,1
58.2268,-0.20897031,-3.3257136,Click,1
-27.012138,2.0015519,74.44219,Click,1
16.32685,-9.514791,8.300215,Click,1
7.4952145,5.2910004,-53.103085,Click,1
22.499424,5.603281,-18.315998,Click,1
45.117626,-4.0388994,-1.6541994,Click,1
50.25077,-1.0159949,-2.2533898,Click,1
-36.853584,41.561848,41.51579,Click,1
2.6887722,-55.96332,-30.00643,Click,1
-17.92189,32.194298,56.2108,Click,1
-34.189857,67.72264,-27.431734,Click,1
61.962082,0.22836113,-5.1071386,Click,1
11.600189,54.45939,31.570934,Click,1
12.033188,-63.792862,9.870824,Click,1
-22.41639,28.615627,55.282772,Click,1
9.915571,-57.16338,-14.591408,Click,1
-39.791756,38.674664,38.17103,Click,1
-16.088673,46.613705,-46.26068,Click,1
60.10547,-1.1688849,-1.9170041,Click,1
8.354792,50.400448,32.13913,Click,1
9.89057,-57.617527,2.6328812,Click,1
-99.30731,-11.362832,2.611134,Click,1
-76.551025,-37.441654,-20.493883,Click,1
-99.41081,-11.375975,2.432234,Click,1
-28.330177,1.890456,72.069374,Click,1
25.976171,-14.039405,-5.9343147,Click,1
-16.333618,-10.239219,-70.44105,Click,1
-35.47503,-37.47818,-59.17366,Click,1
-1.8210831,-75.728935,27.760115,Click,1
-38.956856,61.7227,-28.840109,Click,1
-6.8103027,-25.652716,68.10893,Click,1
-102.19003,-11.508247,2.7447147,Click,1
-36.864235,45.013054,39.45612,Click,1
-68.71064,-51.117027,-24.14368,Click,1
-98.851776,-11.316429,2.5518856,Click,1
-73.8115,-39.56463,-22.4972,Click,1
-98.708954,-11.3302965,2.390591,Click,1
-8.992657,-18.256872,54.45629,Click,1
9.605568,-5.2532597,4.013024,Click,1
-15.6738205,-9.519298,-70.84305,Click,1
-34.68322,-40.442677,-59.624023,Click,1
-27.7319,-52.023533,48.47352,Click,1
-48.69203,52.605755,-34.140373,Click,1
-8.135769,-24.77055,68.27962,Click,1
-104.21846,-11.696574,2.8708715,Click,1
-31.93914,55.82126,21.268925,Click,1
-81.46984,-38.691418,-21.045479,Click,1
66.69316,1.3655117,-6.309051,BP,2
76.11931,1.0901389,-6.225651,BP,2
68.984055,1.3540924,-4.6246223,BP,2
66.190384,0.6566682,-5.657867,BP,2
72.779724,0.61159205,-5.701156,BP,2
65.18041,0.36212945,-3.9161117,BP,2
64.87899,-0.17419863,-5.281465,BP,2
68.43736,0.24929786,-4.1781864,BP,2
59.31826,-1.452768,-2.7020497,BP,2
46.028057,-1.3454322,-1.7883188,BP,2
57.307945,-1.3057687,-2.7944622,BP,2
50.90123,0.94297624,-3.7842352,BP,2
-32.83619,38.86581,4.0518403,BP,2
59.90677,-2.0708823,-2.967472,BP,2
-10.592518,45.06778,27.158478,BP,2
62.51249,-1.4557523,-2.0499604,BP,2
45.911064,4.4229937,-2.3227942,BP,2
51.801872,0.99108076,-5.670651,BP,2
45.436604,-2.7710934,-0.91246337,BP,2
56.74509,0.28238654,-2.4200475,BP,2
67.902985,-0.25777078,-4.4360332,BP,2
27.450047,15.553277,-6.7001,BP,2
39.405617,-9.919629,-4.631918,BP,2
49.2583,1.6327169,-2.9331295,BP,2
52.75859,3.9544003,-6.585542,BP,2
55.76538,-5.578681,-5.3443985,BP,2
48.935158,-1.5116327,-3.7894838,BP,2
-97.186264,4.6942453,-20.837423,BP,2
39.010468,-2.2953699,0.693161,BP,2
48.639435,-2.420247,-0.16293108,BP,2
39.44229,5.890995,-4.2817125,BP,2
66.42897,0.76411057,-5.11496,BP,2
73.46148,1.0764797,-6.3383465,BP,2
-10.952805,19.72687,6.7806196,BP,2
52.770054,-1.1481841,-1.8881476,BP,2
67.645325,-0.04862404,-4.045908,BP,2
-22.30489,46.232227,23.085789,BP,2
54.6966,-1.5747811,-2.0630493,BP,2
-36.726517,56.880257,-5.0182276,BP,2
64.954865,2.2433088,-6.0699277,BP,2
-1.3522186,57.8425,15.867786,BP,2
-1.2503242,55.894764,18.722425,BP,2
-143.22626,-14.229795,4.190885,BP,2
32.55765,-1.7134788,-1.5027125,BP,2
-117.99858,-12.444544,3.1424537,BP,2
-0.88051224,1.8382318,2.4782472,BP,2
61.10535,-1.0158826,-4.079506,BP,2
49.234398,-3.6941867,-3.3594937,BP,2
-34.598167,32.4183,30.115309,BP,2
49.494576,-1.6158961,-4.217822,BP,2
18.520248,-5.8138704,5.3544364,BP,2
-13.196636,53.03451,7.307864,BP,2
49.394737,-1.4505942,-1.8302813,BP,2
66.56256,2.1568792,-6.4174027,BP,2
70.7054,-0.25027156,-3.50696,BP,2
-51.63285,42.891743,-29.389223,BP,2
64.36245,-0.3019309,-4.784157,BP,2
63.072773,1.4920375,-4.632169,BP,2
68.33298,-0.36325407,-2.2506943,BP,2
-84.46899,5.6508102,-21.689392,BP,2
52.364784,-1.8786016,-4.6761656,BP,2
51.106564,3.153093,-2.3786662,BP,2
59.889915,-1.3291402,-0.57430977,BP,2
-99.87636,-10.875471,1.6145425,BP,2
65.52407,-0.6399393,-2.3883688,BP,2
-117.010315,-12.5070915,3.3101811,BP,2
41.237103,0.073670864,-4.339069,BP,2
33.09126,-0.12555075,-4.838703,BP,2
66.99697,0.2162435,-4.4610133,BP,2
55.64814,-1.435435,-3.7214155,BP,2
63.23676,0.056353092,-3.9801526,BP,2
33.022453,-7.2238073,-4.4771256,BP,2
55.27329,-0.91605294,-3.7749999,BP,2
60.880768,-0.035931826,-4.0500517,BP,2
66.13817,0.5397475,-4.6024227,BP,2
-97.65398,-10.236396,0.4384662,BP,2
68.88022,0.1886456,-4.7226276,BP,2
-107.10472,-11.141657,1.4298911,BP,2
62.64194,-0.9050567,-4.482952,BP,2
-108.08711,-11.321406,1.7162733,BP,2
54.924637,0.9070809,-3.2952175,BP,2
36.00551,-1.3165401,-3.3202758,BP,2
49.65651,0.09614134,-2.254815,BP,2
59.697563,0.7484896,-2.3839223,BP,2
47.33921,-1.4625337,-5.641866,BP,2
61.66642,-0.08034754,-3.797881,BP,2
59.871033,-0.5911002,-2.5805635,BP,2
29.256014,9.1064,-11.672676,BP,2
53.5841,-0.44837403,-3.9061186,BP,2
61.139088,-1.4610187,-6.8925734,BP,2
37.604313,-1.1009525,-1.3125787,BP,2
54.278477,-3.1303673,-3.326834,BP,2
60.903114,0.058418036,-3.0774388,BP,2
0.71865654,-24.101912,25.865473,BP,2
48.509144,-5.3808565,-4.664216,BP,2
58.560287,2.2520788,-2.6903732,BP,2
32.891514,-4.2264013,-14.792845,BP,2
67.446655,0.59803534,-5.952018,BP,2
66.41507,0.07046032,-5.580961,BP,2
60.521347,-0.2995801,-6.2980227,BP,2
69.97879,1.2037933,-5.9749823,BP,2
69.50215,0.5453155,-5.488693,BP,2
52.624527,-1.0772771,-6.5052466,BP,2
68.571014,0.29751682,-5.2983913,BP,2
66.874344,-0.6259372,-5.760968,BP,2
59.81595,3.070058,-3.7831936,BP,2
69.631195,-0.3719592,-3.9934454,BP,2
57.854515,4.4621105,-3.7912579,BP,2
65.25195,-0.43529987,-3.610038,BP,2
-25.977993,41.200306,5.1794014,BP,2
6.20632,34.64082,10.967183,BP,2
9.337072,23.915335,-2.7695758,BP,2
51.27794,3.157575,-2.9274325,BP,2
66.32916,-0.22632599,-4.116549,BP,2
44.981804,-2.3201804,-0.9717719,BP,2
53.880726,5.200632,3.3085074,BP,2
4.5613785,44.895412,36.222515,BP,2
-54.48793,38.225815,-42.288685,BP,2
-94.219215,-10.768136,1.973427,BP,2
61.95324,-1.7745107,-5.432321,BP,2
63.29949,-0.14387178,-4.610914,BP,2
39.57345,-2.2106426,-1.2154105,BP,2
42.915165,11.999246,5.0514297,BP,2
40.692886,0.7823024,11.767266,BP,2
41.094368,0.24793673,-4.066205,BP,2
46.728683,-0.06837249,-1.9862006,BP,2
41.068672,6.7455435,-0.87953776,BP,2
57.115158,0.31974173,2.6573381,BP,2
61.71611,0.19228578,-5.1589174,BP,2
62.328964,0.5945902,-4.880125,BP,2
31.858124,-3.3718722,-7.4093003,BP,2
53.34579,-0.6204901,-3.0788393,BP,2
48.807144,5.5148735,-3.522141,BP,2
59.5959,1.629936,-4.7295628,BP,2
59.458324,-1.9399452,-3.5185432,BP,2
42.518105,4.7546434,-3.9346032,BP,2
28.164753,2.9002783,-0.80780625,BP,2
48.754936,-3.7865806,-4.0585423,BP,2
14.909733,-2.8693097,1.4678154,BP,2
11.728643,-5.8969116,0.6699445,BP,2
57.896446,-2.7173073,-2.800096,BP,2
59.136124,0.2899356,-3.9603465,BP,2
58.59972,-0.29900718,-2.8269281,BP,2
30.543707,-3.3603456,-0.30978715,BP,2
30.120195,-3.4040363,-0.16825461,BP,2
36.671425,15.240941,8.20817,BP,2
21.621328,-2.3409698,0.2790854,BP,2
40.849476,-1.9420781,-1.1696966,BP,2
22.677473,6.943918,-0.99936026,BP,2
60.413544,0.24459958,-3.659805,BP,2
-95.46715,-10.351026,1.0220373,BP,2
37.190445,2.2124712,-0.972663,BP,2
53.67975,0.049382925,-2.9943545,BP,2
33.23826,3.594447,1.3634467,BP,2
26.35804,-1.6476235,-0.15667796,BP,2
45.94789,2.6288574,-2.5269506,BP,2
58.998463,0.8871734,-3.978153,BP,2
65.879166,2.105799,-5.5360107,BP,2
66.25984,-1.4825562,-2.2295694,BP,2
33.861835,-1.2379656,-3.2723594,BP,2
42.688736,11.167874,-3.4630709,BP,2
60.441315,-1.1979438,-3.5817811,BP,2
49.500984,-0.4150231,-2.1260986,BP,2
62.192795,0.3131795,-4.0492945,BP,2
69.482666,0.5054815,-5.9116683,BP,2
68.39372,0.95389104,-3.842203,BP,2
40.371956,-2.9996257,-1.3444768,BP,2
-43.89792,61.379612,-23.026495,BP,2
50.373016,-2.3085399,-1.7318832,BP,2
47.223343,1.3115413,-0.8366008,BP,2
53.651222,-0.19166923,-3.5000443,BP,2
64.197205,-0.57778597,-3.916773,BP,2
62.62256,1.1025114,-2.3453918,BP,2
13.215561,-3.5616722,-1.9064138,BP,2
-72.41069,2.319679,76.43917,BP,2
-130.89351,-13.576577,4.1349964,BP,2
-123.58769,-12.928124,3.5322561,BP,2
12.096785,4.0487795,3.528913,BP,2
-44.73616,61.433193,-2.4868622,BP,2
35.01745,-2.163548,-2.275438,BP,2
41.018833,-0.8642714,-2.6351535,BP,2
51.01643,-4.7663703,-2.9282823,BP,2
-45.066833,65.252785,-6.535257,BP,2
-6.9417267,-9.328205,-2.6741288,BP,2
21.228401,-6.875722,-2.0240092,BP,2
27.25417,-8.605537,7.883849,BP,2
-96.8026,-10.427588,0.9753332,BP,2
52.3683,0.47762918,-4.0272026,BP,2
63.25685,-1.5991408,-4.8708897,BP,2
-83.30051,3.8876488,-19.21887,BP,2
68.18149,0.9718182,-5.6446514,BP,2
69.1968,0.32582164,-5.667206,BP,2
-61.29004,32.320484,-14.75627,BP,2
58.663326,-0.042729616,-3.875987,BP,2
59.598618,-0.225492,-2.9294612,BP,2
-47.462387,15.140721,44.510315,BP,2
-66.96275,38.80865,-15.579973,BP,2
59.14631,-0.66248226,-3.939954,BP,2
72.79029,-0.40950704,-3.9090035,BP,2
-49.830025,58.20801,-23.015207,BP,2
56.038094,0.12936926,-5.360574,BP,2
70.0373,-0.30166698,-4.0939636,BP,2
-92.37614,24.77968,-29.161116,BP,2
-141.84657,-14.253155,4.403301,BP,2
-38.211227,57.70399,-6.5206833,BP,2
27.492912,0.2318418,-0.24241161,BP,2
-16.15224,65.5897,0.9268863,BP,2
66.20305,-0.1290667,-3.2355022,BP,2
-72.05244,46.815037,-25.799692,BP,2
17.447342,11.642586,-9.336357,BP,2
-17.985058,64.23178,-7.4224296,BP,2
-25.954369,60.01392,1.4371777,BP,2
55.418434,-1.1909969,-3.0012302,BP,2
-142.4368,-14.268514,4.369327,BP,2
-52.4466,-80.44759,-13.424856,BP,2
44.526016,-1.6014088,-2.3677604,BP,2
-110.08984,-11.944759,2.863079,BP,2
-126.25763,-13.167679,3.7420845,BP,2
26.614672,-4.4339995,-2.8900268,BP,2
-126.58447,-13.140548,3.67597,BP,2
-6.058937,11.222118,-3.26371,BP,2
65.23576,-3.224837,-2.969461,BP,2
56.21699,-0.12173343,-5.3049216,BP,2
65.989685,-0.27925706,-4.376854,BP,2
44.646484,0.39298272,-3.158885,BP,2
64.3718,-0.6141732,-3.098085,BP,2
26.070955,-0.98365664,-3.0306463,BP,2
50.262947,-1.5915436,-2.349106,BP,2
47.354355,1.5628164,4.7534523,BP,2
21.33636,-0.13934255,1.6983731,BP,2
48.118362,-2.161862,-2.6800687,BP,2
61.95365,-1.0482143,-3.7990918,BP,2
55.210842,-2.2856152,-3.7002938,BP,2
57.186516,0.47098184,0.13180685,BP,2
-5.066757,49.49498,15.471268,BP,2
69.27323,1.1676633,-5.0408063,BP,2
68.70459,-0.313684,-2.689133,BP,2
-57.759384,37.549538,-40.04188,BP,2
48.612633,-0.5010536,-3.544009,BP,2
65.78499,-0.25966096,-4.9195185,BP,2
60.15139,-0.81424093,-2.9544826,BP,2
52.92074,4.144643,-3.0291727,BP,2
67.99101,0.48698807,-5.9094267,BP,2
64.27904,-0.92664266,-2.2780519,BP,2
59.221016,5.372464,-4.8390694,BP,2
67.20584,-0.64494634,-4.082836,BP,2
58.454018,8.736506,-3.830677,BP,2
64.04268,-1.1123533,-4.0315843,BP,2
65.11237,2.181523,-5.7644773,BP,2
60.327522,2.535217,-4.3815284,BP,2
51.602406,0.6730814,-3.3895357,BP,2
44.9019,3.4374921,0.24739647,BP,2
68.6426,0.8767011,-5.483102,BP,2
68.544106,-0.58868957,-3.4755764,BP,2
49.60167,-1.813163,1.8989997,BP,2
58.51486,-1.3597202,-0.7342334,BP,2
52.817745,3.7877958,-4.7676716,BP,2
72.156715,0.22699904,-5.909586,BP,2
60.652832,1.2827871,-4.33348,BP,2
76.90985,1.902209,-6.531692,BP,2
62.30761,2.8878067,-5.635113,BP,2
73.0733,1.0300896,-6.2177706,BP,2
72.37796,0.800262,-5.2617664,BP,2
66.58971,0.39847445,-3.8417852,BP,2
76.63692,0.97597384,-6.871184,BP,2
69.70801,0.79529,-4.9681573,BP,2
72.94692,0.67671204,-6.158888,BP,2
67.594345,1.0789263,-5.6188145,BP,2
26.759102,-20.421532,-1.8472995,BP,2
66.12155,0.20726657,-3.6247756,BP,2
69.71908,0.24103165,-6.0566974,BP,2
59.7452,-1.5530136,-3.143464,BP,2
66.39609,1.070118,-5.7734747,BP,2
72.58615,0.5174351,-6.3008847,BP,2
43.069145,-2.4647956,-3.589356,BP,2
70.08945,1.353658,-5.743674,BP,2
73.214554,1.1360545,-5.7064676,BP,2
59.797432,0.9410105,-1.8785796,BP,2
-84.873795,2.3608553,-17.11256,BP,2
67.3788,-0.8455851,-7.929184,BP,2
72.02995,0.3298254,-4.5931225,BP,2
50.124645,0.18038487,-3.3978739,BP,2
30.369158,-9.241659,0.5964079,BP,2
-40.037994,48.453423,-27.672674,BP,2
69.3291,-0.03994584,-5.395961,BP,2
50.901127,-0.022438526,-5.880488,BP,2
65.72133,-0.12941909,-6.492573,BP,2
70.504395,-0.049855947,-4.8324203,BP,2
66.14221,1.3740785,-5.9507065,BP,2
52.318436,-11.417325,3.3170648,BP,2
-29.27541,59.151146,-30.2681,BP,2
75.65361,1.1545427,-6.534805,BP,2
37.621143,0.643342,-2.2060862,BP,2
0.8091564,6.032014,-0.5638897,BP,2
60.132027,2.1250107,-3.5521336,BP,2
70.83266,0.4450097,-5.963501,BP,2
71.10339,0.9024272,-6.4006376,BP,2
75.24136,0.44578648,-5.041011,BP,2
65.463425,0.7393613,-6.0265265,BP,2
73.39127,1.0382926,-5.834227,BP,2
73.62426,0.98629713,-7.0267534,BP,2
75.73213,1.3045738,-5.8033137,BP,2
51.75095,7.1761827,-1.820505,BP,2
68.03786,0.058606625,-5.423725,BP,2
74.73517,0.28528142,-5.217153,BP,2
72.97977,1.187104,-5.471637,BP,2
51.401993,11.825016,-3.5312304,BP,2
71.92081,0.8344629,-6.367848,BP,2
73.959366,0.7258353,-5.8089585,BP,2
72.57587,1.6397655,-5.9130607,BP,2
56.778496,0.023067713,-4.9406176,BP,2
64.71912,0.8126466,-5.2098804,BP,2
65.722824,-1.4926934,-4.253353,BP,2
65.8338,-1.3386406,-2.7096086,BP,2
29.054056,-0.48916817,-2.3954165,BP,2
29.752674,0.17056823,-4.2112846,BP,2
50.257248,-7.213974,-2.4907417,BP,2
42.077316,1.3620975,-3.7966652,BP,2
-87.90191,-8.804288,-1.6722935,BP,2
69.93393,-0.87323475,-3.2645025,BP,2
-90.967445,-9.19649,-1.1090143,BP,2
68.597626,-1.2720965,-2.7777076,BP,2
-99.53688,-10.238735,0.14317822,BP,2
65.817245,0.5526917,-5.882196,BP,2
67.44263,0.36150408,-4.6515956,BP,2
-72.67945,20.507488,-26.497917,BP,2
65.5242,1.1864212,-4.725173,BP,2
64.4231,0.08872557,-3.3919134,BP,2
38.358845,20.032154,-4.847083,BP,2
75.87367,1.2580464,-7.5612254,BP,2
71.38991,0.9497788,-4.517079,BP,2
-103.92317,-11.339983,2.2377503,BP,2
59.974968,-2.1127882,-2.2501175,BP,2
20.482723,-8.0756235,2.567401,BP,2
40.64735,4.224078,-2.2851741,BP,2
60.4508,-1.3586671,-3.3755054,BP,2
55.580708,3.6913702,-5.47659,BP,2
64.20729,-0.26176715,-4.385993,BP,2
46.366173,16.90725,2.352298,BP,2
61.720352,2.0010383,-3.4356966,BP,2
-40.734108,22.94279,12.396158,BP,2
35.786182,-3.4086637,-3.0368567,BP,2
60.52836,-0.31374288,-3.6333926,BP,2
61.00849,-0.13856101,-5.2654705,BP,2
68.58585,-0.068270445,-4.961769,BP,2
64.09294,-0.32480454,-2.6958861,BP,2
-49.419083,35.892784,17.441793,BP,2
32.33749,-2.0763562,-1.9056277,BP,2
40.916122,-1.5476656,-1.8602664,BP,2
40.88134,-0.5933614,-2.5839558,BP,2
46.196274,-2.8960307,-3.3972955,BP,2
41.867332,-6.5734725,-0.06750214,BP,2
-22.231075,56.076153,-8.963434,BP,2
75.71526,0.9429364,-5.746878,BP,2
64.8027,-0.87557995,-4.4756556,BP,2
-25.86621,53.590637,-8.400095,BP,2
71.41814,0.6803241,-5.7602506,BP,2
63.559055,-1.5851376,-2.4516447,BP,2
68.416115,0.55802155,-5.3926225,BP,2
72.233444,0.568207,-5.119113,BP,2
74.11139,0.730649,-4.849915,BP,2
47.085197,-1.2097523,-2.806812,BP,2
68.72098,-0.09439063,-4.0842266,BP,2
60.60878,-0.7829652,-3.4380388,BP,2
26.385872,36.63479,12.933755,BP,2
65.50723,-4.446186,-2.585085,BP,2
23.037224,32.092823,15.468105,BP,2
62.76788,-5.5916796,-0.5737867,BP,2
58.75429,4.593443,-5.7662086,BP,2
73.15842,1.6262152,-7.2338557,BP,2
71.09225,0.37445617,-4.1543303,BP,2
32.802326,-3.8776298,-2.3427052,BP,2
66.137794,-2.7459953,-3.112333,BP,2
41.962093,4.290263,-4.3325663,BP,2
69.45093,-2.1884418,-1.6980584,BP,2
69.26691,2.8049066,-4.44678,BP,2
72.09949,0.82107353,-6.0600266,BP,2
66.19655,-0.49671626,-3.500587,BP,2
-27.732471,52.389313,-5.1380024,BP,2
67.4939,0.1704688,-4.409524,BP,2
67.38504,0.25359893,-3.3076591,BP,2
21.670214,-9.161452,6.847748,BP,2
46.747982,-4.9020777,-2.1541991,BP,2
24.834087,0.2855928,-1.0316708,BP,2
56.08699,-4.4924903,-0.47885776,BP,2
54.215614,1.7691963,-2.7384095,BP,2
69.90901,0.774225,-5.4696527,BP,2
56.6286,-3.5917013,-0.96485114,BP,2
-72.95531,16.986742,-24.70376,BP,2
70.493256,0.27594042,-4.961928,BP,2
9.503965,31.564035,10.024031,BP,2
74.81319,1.3555949,-6.190611,BP,2
67.29411,1.6242139,-4.0148964,BP,2
55.183487,2.883725,-5.324336,BP,2
56.797745,0.1655879,-3.7164803,BP,2
58.147865,0.6372068,-5.02874,BP,2
63.219856,-0.43398714,-6.898469,BP,2
72.54826,0.15093541,-5.5974193,BP,2
63.584118,1.3928926,-5.981802,BP,2
71.70538,-0.66691494,-3.923629,BP,2
41.11196,4.437504,-4.161041,BP,2
63.301674,-1.2235961,-2.7719336,BP,2
74.12805,1.1776817,-6.377622,BP,2
55.158783,-3.772148,-1.1912371,BP,2
44.397522,0.03387046,-3.730976,BP,2
73.506134,1.0002358,-5.2464485,BP,2
72.49655,0.9694867,-4.1568117,BP,2
67.36354,0.71409607,-5.7123756,BP,2
68.21217,0.32500005,-6.514365,BP,2
74.48715,-0.062009335,-6.0628953,BP,2
-8.232712,1.3613541,-2.5555716,BP,2
66.28441,-0.033827543,-3.005528,BP,2
58.836082,-0.38510442,-1.7725133,BP,2
44.080475,-1.0523859,-1.6458358,BP,2
59.37404,-3.5134,-6.1174793,BP,2
55.347874,2.159249,-5.3794208,BP,2
55.168163,5.2024927,-5.083075,BP,2
71.56337,0.5003531,-5.0639706,BP,2
22.18507,7.8660393,-2.5274441,BP,2
60.535023,-1.0299145,-3.4734752,BP,2
60.12021,8.171199,-6.1803646,BP,2
77.30136,1.8368728,-7.285865,BP,2
65.95676,-1.1130359,-4.4062576,BP,2
24.494602,15.359912,1.1686082,BP,2
68.638855,1.0990448,-4.3055573,BP,2
60.134155,-1.30996,-2.6317601,BP,2
-101.94379,-10.542073,0.742924,BP,2
67.489975,-0.39330554,-4.571252,BP,2
37.991074,-4.4481606,-5.2316813,BP,2
71.73503,0.31795907,-5.759426,BP,2
66.77232,-0.29944062,-6.2843313,BP,2
63.597595,-1.4863775,-3.6537588,BP,2
69.256325,1.0990312,-6.5716,BP,2
76.90994,2.002064,-7.5509844,BP,2
-113.25577,-12.120189,2.8825483,BP,2
54.13817,-1.9203417,-2.67807,BP,2
-101.951416,-11.222685,2.1636977,BP,2
64.96124,-0.39542842,-4.205064,BP,2
56.72843,1.0223265,-4.7149363,BP,2
61.05616,-1.6711396,-3.8506296,BP,2
67.1694,1.2202728,-6.6067758,BP,2
72.68562,2.1987746,-7.1222453,BP,2
51.914787,-0.14236903,-4.5928397,BP,2
43.829712,0.0300591,-4.0573826,BP,2
49.6322,2.2001207,-3.6623769,BP,2
-8.064178,24.474958,11.024454,BP,2
50.573498,6.2556667,-6.144438,BP,2
67.941895,1.3956201,-6.03415,BP,2
70.506516,-0.113402605,-4.8873205,BP,2
60.90677,0.7714007,-2.187465,BP,2
69.714294,0.91933274,-4.9968643,BP,2
-15.588593,47.458702,13.839533,BP,2
55.164627,1.2965024,-4.9804993,BP,2
66.49664,-0.7543442,-2.7230496,BP,2
4.9785786,13.08736,-3.5520427,BP,2
63.3563,-0.8020084,-4.318699,BP,2
34.874756,24.437994,-2.1633205,BP,2
-33.22917,52.08504,-10.644638,BP,2
41.52756,17.667986,-2.7864094,BP,2
18.441986,38.67827,7.119376,BP,2
67.427284,3.8201902,-3.9438066,BP,2
72.19058,2.105242,-5.371461,BP,2
14.579485,3.6270173,-9.02773,BP,2
72.671524,0.9626241,-6.430856,BP,2
69.98569,0.8547714,-5.413066,BP,2
-70.12648,19.844536,-27.591463,BP,2
70.216286,0.9575157,-5.824481,BP,2
70.4232,-0.9689959,-3.7212164,BP,2
74.1603,2.8374474,-6.1473384,BP,2
71.05263,1.054158,-5.235899,BP,2
61.99736,-1.4466761,-2.5831761,BP,2
66.416725,2.4652674,-6.3142314,BP,2
70.95015,0.82947373,-5.2019987,BP,2
66.87526,0.084258795,-3.6692934,BP,2
-108.96336,-12.069052,3.238946,BP,2
22.586515,-1.7956779,-2.4597394,BP,2
28.182068,-1.1034977,-0.87069464,BP,2
22.589294,-1.3295226,0.8523011,BP,2
-60.231583,39.860683,-26.938522,BP,2
29.67641,-4.938114,0.7144382,BP,2
-10.76091,21.78425,18.284142,BP,2
38.422092,-3.285847,-0.9491969,BP,2
-8.024548,27.975773,20.772982,BP,2
27.565733,-4.591607,0.34832215,BP,2
-115.675095,-12.207878,2.795835,BP,2
34.274837,-5.2974553,-1.9338064,BP,2
-32.91948,38.671875,12.081886,BP,2
1.0941219,-1.8348601,-0.71828216,BP,2
-4.69479,27.765032,19.059845,BP,2
-14.173496,-1.8122903,-6.2319217,BP,2
24.675125,-1.5441675,-0.2878338,BP,2
-26.167793,11.779486,7.968829,BP,2
64.39102,-1.0856913,-3.381201,BP,2
-71.66471,35.65528,-18.161821,BP,2
55.294025,-2.935221,-2.2282495,BP,2
17.158012,-2.4456913,0.69902515,BP,2
36.55875,-2.8868701,-0.65371096,BP,2
5.05591,-0.859311,-1.8036047,BP,2
12.450285,-4.599126,-0.98424345,BP,2
36.29008,-0.85472167,-0.31321728,BP,2
-168.56883,-15.964911,5.1641445,BP,2
-121.98393,-12.941831,3.7489147,BP,2
-130.38959,-13.299534,3.5667944,BP,2
5.520979,-2.4443343,2.5174804,BP,2
-141.64351,-14.218141,4.340703,BP,2
-198.48744,-17.861982,5.9938073,BP,2
-124.610245,2.3595622,-18.63547,BP,2
-95.12503,-10.764574,1.815377,BP,2
62.845467,1.5451982,-6.7672734,BP,2
-83.3337,8.623189,-25.540413,BP,2
55.84526,-3.443996,2.0515075,BP,2
-141.40347,-14.138564,4.2011185,BP,2
-130.24219,-13.439192,3.8844776,BP,2
45.571037,1.0261328,-1.6329297,BP,2
16.868534,3.4362972,-0.45443118,BP,2
-34.37677,27.0491,17.120955,BP,2
61.369133,-1.2067451,-2.5689569,BP,2
-1.1205292,-3.956238,2.6251101,BP,2
30.29229,-3.994182,0.0820719,BP,2
-121.40384,-12.828631,3.46694,BP,2
26.450151,0.4327209,-1.5687809,BP,2
-120.67497,-12.803931,3.532279,BP,2
25.594063,-4.3250513,-1.8258548,BP,2
4.814455,-0.10009694,1.4937212,BP,2
33.785892,0.742471,-1.499776,BP,2
-121.31818,-12.842834,3.56118,BP,2
-96.55521,2.9708273,-17.98818,BP,2
37.2785,4.1574354,0.3408364,BP,2
44.239716,0.3952031,-2.4721994,BP,2
-7.225033,29.11113,8.582072,BP,2
66.34544,0.11971378,-5.046192,BP,2
-73.23122,37.999763,-19.604914,BP,2
31.878046,-3.353948,-0.43401468,BP,2
59.684486,0.19338799,-2.3933392,BP,2
-3.8747063,3.9506624,2.1174831,BP,2
-17.557327,-5.7201843,2.6478558,Noise,3
-39.887474,59.14583,23.296707,Noise,3
-154.04485,-15.059073,4.782201,Noise,3
-5.474064,1.0972166,-2.7680275,Noise,3
-155.7899,-15.171166,4.829108,Noise,3
-11.768372,-7.6404753,-2.8830051,Noise,3
-11.666908,-3.6324131,2.6613994,Noise,3
-114.29135,66.64696,-26.902758,Noise,3
-182.97336,-16.884207,5.569667,Noise,3
-12.469475,-5.359804,-2.0071754,Noise,3
-13.894165,-12.047252,1.1548395,Noise,3
-182.97534,-16.882223,5.570285,Noise,3
-10.635262,-3.7183971,-2.5532236,Noise,3
-10.661972,-7.761442,3.4566917,Noise,3
-70.35624,-76.943436,-10.703312,Noise,3
-164.04608,-15.684671,5.0527024,Noise,3
-146.07185,-14.540667,4.554751,Noise,3
-141.03825,-14.223635,4.4191995,Noise,3
-182.97437,-16.882895,5.5723944,Noise,3
-182.97424,-16.884634,5.5734854,Noise,3
-139.78769,-14.150863,4.3857007,Noise,3
-182.97145,-16.888227,5.5722227,Noise,3
-143.47144,-14.380002,4.486867,Noise,3
-115.592926,65.00882,-25.925018,Noise,3
-182.97751,-16.8823,5.5711775,Noise,3
-114.56018,66.235016,-26.075962,Noise,3
-157.57495,-15.277832,4.87301,Noise,3
-185.96396,-17.071184,5.651851,Noise,3
-183.02159,-16.8875,5.5726624,Noise,3
-183.78111,-16.933111,5.5928826,Noise,3
-135.09724,-13.857156,4.2528505,Noise,3
-86.34024,57.07867,7.402073,Noise,3
-132.35712,3.2430384,-20.37405,Noise,3
-17.006447,-9.179668,1.4010518,Noise,3
-18.321102,-6.8753843,-0.4763739,Noise,3
-154.54655,-15.091423,4.792818,Noise,3
-182.98222,-16.882269,5.5695224,Noise,3
-14.165997,-8.091023,0.27289045,Noise,3
-151.95702,-14.926803,4.719927,Noise,3
-183.02972,-16.887472,5.571713,Noise,3
-120.15486,59.374683,-22.879545,Noise,3
-182.97249,-16.887342,5.5712233,Noise,3
-135.1768,-13.862713,4.263028,Noise,3
-182.97452,-16.884085,5.5717115,Noise,3
-182.97495,-16.883764,5.571437,Noise,3
-11.567101,2.6249526,3.4715533,Noise,3
-182.97572,-16.881804,5.570716,Noise,3
-156.0685,-15.179617,4.837831,Noise,3
-10.560234,2.1391633,3.2389154,Noise,3
-116.87732,63.460293,-25.025238,Noise,3
-182.97495,-16.883764,5.571437,Noise,3
-11.567101,2.6249526,3.4715533,Noise,3
-182.97572,-16.881804,5.570716,Noise,3
-156.0685,-15.179617,4.837831,Noise,3
-10.560234,2.1391633,3.2389154,Noise,3
-116.87732,63.460293,-25.025238,Noise,3
-166.6868,-15.853811,5.124401,Noise,3
-35.185677,27.137482,27.18633,Noise,3
-182.97583,-16.884161,5.5700827,Noise,3
-165.8317,-15.804005,5.0996776,Noise,3
-160.49,-15.463991,4.9562955,Noise,3
-13.147045,-0.7362921,-0.59978986,Noise,3
-164.05617,-15.6861925,5.052699,Noise,3
-135.64758,-13.884123,4.2588463,Noise,3
-138.16899,-14.046253,4.3379273,Noise,3
-113.90495,67.02356,-26.452028,Noise,3
-9.646809,-9.45913,-0.84927696,Noise,3
-13.910057,-4.4394884,0.66801405,Noise,3
-12.09013,-5.5964212,-0.18015254,Noise,3
-168.31021,-15.960789,5.1700783,Noise,3
-187.45053,-17.164991,5.6932344,Noise,3
-9.787819,-11.2506895,-1.0846446,Noise,3
-6.514839,-8.768581,2.682067,Noise,3
-182.97444,-16.886461,5.5702496,Noise,3
-21.173397,-7.429059,2.5333233,Noise,3
-8.590965,-3.630845,0.90195584,Noise,3
-13.49572,-5.418767,0.5855949,Noise,3
-5.4860306,-2.8064075,2.2613735,Noise,3
-16.687927,-7.5274153,1.8709891,Noise,3
-12.691708,-6.894615,-2.9227836,Noise,3
-159.80804,-15.419568,4.9391065,Noise,3
1.2504845,-5.155777,1.1530504,Noise,3
-9.049057,-10.133198,5.0900817,Noise,3
-4.6460075,5.5411386,-6.2215505,Noise,3
-172.94218,-16.252449,5.295851,Noise,3
-9.548412,-13.532395,1.0904031,Noise,3
-9.001034,-9.17202,0.4988513,Noise,3
-139.0405,38.847546,-41.87836,Noise,3
-182.97087,-16.888594,5.572131,Noise,3
-177.1221,-16.51913,5.4111924,Noise,3
-186.41905,-17.100367,5.6662555,Noise,3
-11.200264,-10.261666,-2.5272195,Noise,3
-182.97537,-16.882956,5.5722494,Noise,3
-92.84236,67.951485,9.612719,Noise,3
-62.65898,53.394108,31.125576,Noise,3
-182.97267,-16.888624,5.572425,Noise,3
-36.09774,24.828188,27.775745,Noise,3
-177.64812,-16.554022,5.4265695,Noise,3
-164.50067,-15.715386,5.0658293,Noise,3
-4.2920685,-6.5105906,0.38453305,Noise,3
-10.621304,-4.7420373,-1.4323609,Noise,3
-157.53943,-15.275662,4.874311,Noise,3
16.678154,-6.929016,-2.7485967,Noise,3
-14.445751,-5.2232347,-1.8700325,Noise,3
-147.50493,3.904085,-22.30492,Noise,3
-20.202675,-5.6857533,2.9812531,Noise,3
-182.97261,-16.885273,5.5696216,Noise,3
-1.4981537,-4.425618,-2.2288468,Noise,3
-182.97035,-16.889677,5.5707808,Noise,3
-182.9674,-16.893393,5.571967,Noise,3
-5.2540855,-3.910823,0.29489398,Noise,3
-6.8154907,-7.608775,1.2389932,Noise,3
-182.97487,-16.884367,5.57228,Noise,3
-182.9752,-16.886984,5.569209,Noise,3
-182.97504,-16.88648,5.570483,Noise,3
-135.82372,36.16914,-39.901276,Noise,3
-16.320442,-5.0405016,0.3931967,Noise,3
-5.6238747,-0.634876,2.4047096,Noise,3
-182.97173,-16.886549,5.5729704,Noise,3
-182.96942,-16.89102,5.5720015,Noise,3
-182.9725,-16.885168,5.5716925,Noise,3
-184.45749,-16.976364,5.6117897,Noise,3
-182.97575,-16.882895,5.5704145,Noise,3
-116.399185,63.96503,-24.861502,Noise,3
-140.82997,36.443954,-40.466465,Noise,3
0.2934723,-2.0360112,1.8094668,Noise,3
-37.059868,27.896133,27.587708,Noise,3
-34.941254,17.795237,24.611763,Noise,3
-182.97583,-16.885542,5.5684195,Noise,3
-51.84974,-85.22601,-9.029377,Noise,3
-2.696041,-0.7309027,0.535702,Noise,3
-9.38652,-12.005122,1.8097749,Noise,3
-182.97255,-16.888083,5.5701323,Noise,3
-182.97047,-16.890814,5.5717573,Noise,3
-110.77457,24.507948,-28.156132,Noise,3
-184.86557,-17.005684,5.6202474,Noise,3
-138.78767,39.145164,-42.227234,Noise,3
-183.69453,-16.931356,5.5900197,Noise,3
-132.98195,-13.715144,4.198331,Noise,3
-182.9733,-16.887663,5.569762,Noise,3
-156.51918,-15.209408,4.848676,Noise,3
-133.63869,-13.753238,4.213149,Noise,3
-182.97668,-16.88465,5.5709486,Noise,3
-147.5733,-14.642454,4.6016774,Noise,3
-116.9547,-12.693763,3.743743,Noise,3
-175.17606,-16.395388,5.3585954,Noise,3
-11.8677635,-1.2826499,2.0464702,Noise,3
-93.69973,42.97174,-17.423828,Noise,3
-182.97668,-16.881811,5.570529,Noise,3
-134.79355,3.1607292,-20.400583,Noise,3
-115.66963,64.89285,-25.327366,Noise,3
-3.8020515,-11.314609,9.0545635,Noise,3
-116.80176,63.596653,-26.111057,Noise,3
-177.01453,-16.516294,5.409348,Noise,3
-155.19942,-15.129914,4.8077393,Noise,3
-182.97517,-16.88497,5.5717,Noise,3
-7.7599907,-6.97579,-2.5638897,Noise,3
-115.649,-12.6107025,3.7090483,Noise,3
-15.72768,-6.46768,2.40003,Noise,3
7.680294,-0.8034072,0.45782173,Noise,3
-156.99776,-15.245082,4.8616943,Noise,3
-4.261635,-6.2254205,-5.6684866,Noise,3
4.0789948,-11.470378,1.098182,Noise,3
3.0325813,-4.8408327,-8.310048,Noise,3
