UMAP1,UMAP2,UMAP3,Class,Original_Label
-2.87178,-1.5359498,3.6637905,Whistle,0
-2.3776147,-2.5606031,4.0849457,Whistle,0
-2.0478833,-2.4326015,5.4862704,Whistle,0
14.863207,4.2338724,10.2515745,Whistle,0
-1.0555792,-2.3237767,10.060191,Whistle,0
-1.1080673,-2.3422604,10.067292,Whistle,0
-1.4185593,-2.2557135,9.749943,Whistle,0
-1.0528924,-2.229784,10.134116,Whistle,0
-2.2305481,-2.3331265,5.6651382,Whistle,0
-2.8547156,-1.7249229,3.7024016,Whistle,0
-2.4880314,-2.48072,3.9021535,Whistle,0
-2.8711376,-1.7675722,3.6096585,Whistle,0
2.747966,6.457156,-1.1148944,Whistle,0
-2.1102254,-1.7808702,5.1155176,Whistle,0
-1.0926992,-2.269064,10.024341,Whistle,0
-1.4073877,-2.297425,9.833046,Whistle,0
-1.5236793,-2.160182,7.995488,Whistle,0
-1.3677615,-2.2412472,7.5925136,Whistle,0
2.1466565,10.846106,4.7631683,Whistle,0
-2.7060566,-1.697357,4.1719046,Whistle,0
-2.7097614,-1.9906801,4.541225,Whistle,0
-2.842136,-1.307313,3.3782184,Whistle,0
-1.9835052,-2.6850677,4.8606014,Whistle,0
-2.9154286,-1.6091982,3.485749,Whistle,0
2.112999,10.800328,4.7237663,Whistle,0
-1.8401123,-1.1419406,5.3738327,Whistle,0
-1.0346501,-2.6165063,9.925897,Whistle,0
3.5370064,12.400715,6.6200895,Whistle,0
-3.2605615,-1.4827844,2.560012,Whistle,0
-2.2822883,-1.5946074,5.0274234,Whistle,0
-2.617713,-2.5644712,6.02819,Whistle,0
-1.8726722,-1.7277018,5.665217,Whistle,0
-2.794704,-1.5307454,3.930501,Whistle,0
-2.583901,-1.8523523,5.8011208,Whistle,0
2.7307851,6.4857535,-1.1652735,Whistle,0
-2.2331612,-1.049914,5.4475107,Whistle,0
-1.0710768,-0.12715474,9.857302,Whistle,0
-1.04405,-1.6636559,9.925665,Whistle,0
-1.1501871,-1.6733222,9.923199,Whistle,0
-1.1267112,-2.7885058,9.960936,Whistle,0
-1.4680915,-1.4277118,6.4076138,Whistle,0
1.7775421,2.8274875,3.6452997,Whistle,0
-1.5373247,-1.5912038,6.5615253,Whistle,0
-1.6263378,-2.4667811,6.375442,Whistle,0
-2.0600147,-1.877606,7.759901,Whistle,0
-1.0710704,-2.7201934,9.991977,Whistle,0
-1.0934589,-2.6955569,10.026267,Whistle,0
-1.3451015,-2.8573449,9.632345,Whistle,0
-2.0808058,-1.3496199,5.4778132,Whistle,0
-1.1985205,-3.0972922,9.826807,Whistle,0
-1.0473084,-2.3350523,10.125787,Whistle,0
-1.6824442,-2.1742253,6.0149384,Whistle,0
-1.8611596,-1.9351016,5.4753103,Whistle,0
-1.966153,-1.8426408,5.3440366,Whistle,0
-1.1799964,-3.1344879,9.817199,Whistle,0
-1.1290612,-3.2070785,9.842768,Whistle,0
-1.1365834,-3.1665716,9.818301,Whistle,0
-1.142127,-3.2004948,9.817256,Whistle,0
-1.1302797,-3.1885855,9.782689,Whistle,0
-1.1370707,-3.191142,9.810151,Whistle,0
-1.1308845,-3.2299414,9.831077,Whistle,0
-1.1988324,-3.147012,9.804235,Whistle,0
-1.59384,-1.651229,10.314973,Whistle,0
-3.3105474,-1.3292131,2.4828343,Whistle,0
-3.0667279,-2.0891128,2.9567356,Whistle,0
-1.3660103,-1.3674151,5.969221,Whistle,0
-2.2488794,-1.9157743,5.026585,Whistle,0
-2.0983717,-2.765163,5.2266417,Whistle,0
-1.7293818,-0.7735007,5.7875915,Whistle,0
-0.9579039,-1.1916449,10.718605,Whistle,0
-1.314937,-2.9708138,9.616922,Whistle,0
-1.0356529,-0.26069283,11.121148,Whistle,0
-1.2438418,-2.993787,9.484546,Whistle,0
-1.184752,-2.83188,9.359701,Whistle,0
-1.1246834,-3.183927,9.794544,Whistle,0
-1.1475297,-3.2247815,9.8259115,Whistle,0
-0.82336795,-0.1067998,10.766835,Whistle,0
-0.849146,-0.13514523,10.866611,Whistle,0
-0.78530735,-0.092067175,10.867361,Whistle,0
-0.8911339,-0.15367365,10.746096,Whistle,0
-0.93919724,-0.28822684,10.624744,Whistle,0
-1.1937954,-3.018603,9.76515,Whistle,0
-1.1724055,-3.0396159,9.831207,Whistle,0
-1.3753728,-2.248866,7.5324984,Whistle,0
-1.4175335,-2.1997936,7.6782165,Whistle,0
-1.4376112,-2.2870584,8.2155485,Whistle,0
-1.4268698,-1.9822456,6.6722383,Whistle,0
-2.0140784,-2.3849695,5.6783266,Whistle,0
-1.3298239,-2.9316814,9.7293005,Whistle,0
-0.56764424,-1.1972386,10.487316,Whistle,0
7.1764736,13.658493,9.21838,Whistle,0
-3.2673285,-1.3891568,2.5806956,Whistle,0
-2.2508502,-1.6004577,4.9724803,Whistle,0
-2.1638608,-1.8134604,5.276341,Whistle,0
3.4496362,9.467838,-0.83807635,Whistle,0
-2.3005726,-1.4045202,5.2193336,Whistle,0
2.7051256,6.5834455,-1.1970428,Whistle,0
-2.6000187,-1.8566322,4.408761,Whistle,0
7.388425,13.835625,9.232235,Whistle,0
-2.9413934,-1.8220452,3.2831862,Whistle,0
2.3810778,2.3563762,3.4525793,Whistle,0
7.4022737,13.849941,9.229605,Whistle,0
14.860551,4.2364087,10.250728,Whistle,0
2.2409437,5.9024854,0.07821843,Whistle,0
-2.8227856,-1.6497356,3.914719,Whistle,0
-1.6708149,-1.7516344,6.034775,Whistle,0
-1.9042637,-2.0071697,5.5863943,Whistle,0
-2.2964377,-1.4121034,4.8237643,Whistle,0
-1.6869158,-1.6220891,5.9895396,Whistle,0
-1.9942678,-2.2285967,4.927604,Whistle,0
-2.8121476,-2.012375,4.9328547,Whistle,0
-3.3184478,-1.3048732,2.5100703,Whistle,0
7.7821903,14.191837,9.146136,Whistle,0
-2.8045502,-1.3188684,3.5424871,Whistle,0
6.7786365,13.368246,9.214513,Whistle,0
2.5805109,6.6775546,-1.2917368,Whistle,0
0.98447925,4.0675964,0.021506304,Whistle,0
2.1846511,5.823541,0.20241562,Whistle,0
-2.5504558,-1.4963697,6.439737,Whistle,0
3.4939039,9.38033,-0.8152234,Whistle,0
-2.4318178,-2.554731,4.044324,Whistle,0
2.1351187,10.831978,4.7509246,Whistle,0
-3.3341138,-1.1469313,2.34877,Whistle,0
6.7137504,13.320468,9.222997,Whistle,0
-3.0976372,-1.9126725,2.9511704,Whistle,0
-2.8468637,-2.4219267,6.398771,Whistle,0
-1.778385,-1.411145,5.5717883,Whistle,0
-1.567526,-1.1721234,6.235799,Whistle,0
-2.845531,-2.428716,6.2976317,Whistle,0
-1.8157382,-1.718965,5.400977,Whistle,0
-1.4452697,-1.4200826,6.4364777,Whistle,0
2.1951513,5.833555,0.13387892,Whistle,0
-2.1369996,-0.5532668,5.6989527,Whistle,0
-2.0391994,-0.5033552,5.3606825,Whistle,0
6.2908497,13.054208,9.284273,Whistle,0
6.637232,13.271308,9.227667,Whistle,0
-2.2356908,-1.173592,5.6041136,Whistle,0
-0.87814146,4.5592427,1.2359315,Whistle,0
-2.3629982,-2.6501052,3.9416232,Whistle,0
-2.3209581,-2.7186615,3.895101,Whistle,0
-3.144419,-2.1077137,2.7854297,Whistle,0
2.1754622,5.820611,0.08303838,Whistle,0
7.1880846,13.668495,9.200813,Whistle,0
-3.1916065,-1.8236147,2.6630578,Whistle,0
-3.3489025,-1.6027484,2.201949,Whistle,0
7.861653,14.269313,9.075311,Whistle,0
2.00057,10.650751,4.6208124,Whistle,0
-2.4885073,-2.084623,4.564456,Whistle,0
-2.1024613,-2.0946708,4.6852484,Whistle,0
-1.9564302,-2.281387,5.637397,Whistle,0
14.671537,5.008938,10.058536,Whistle,0
-2.2292688,-1.8881075,5.033056,Whistle,0
-3.0632765,-2.044171,2.982954,Whistle,0
3.371181,9.567418,-0.866299,Whistle,0
3.350369,9.568411,-0.86772394,Whistle,0
-2.0958652,-2.4625916,4.9686885,Whistle,0
2.743242,6.5665536,-1.1952043,Whistle,0
-2.9377067,-1.6044432,3.4550934,Whistle,0
2.249795,5.8963275,0.087436914,Whistle,0
-2.529989,-1.7589631,4.7741446,Whistle,0
-1.9796888,-1.8652561,5.440743,Whistle,0
-1.5707816,-2.4520047,6.2061167,Whistle,0
-1.674808,-1.6102953,5.9463253,Whistle,0
-2.7659354,-1.3464779,3.7617452,Whistle,0
-2.0568993,-1.8643554,5.2784696,Whistle,0
-2.4296842,-2.4692268,6.312354,Whistle,0
-1.7620342,-1.4435754,5.6766343,Whistle,0
2.69944,6.552252,-1.137837,Whistle,0
-1.5616764,-2.0689223,6.425122,Whistle,0
14.678283,4.9595103,10.060727,Whistle,0
-2.1577277,-1.8145807,4.970409,Whistle,0
3.5230114,9.352071,-0.83792764,Whistle,0
-2.4552262,-2.4357622,5.918477,Whistle,0
1.9077631,2.2649708,3.451267,Whistle,0
-1.8155413,-1.5717269,5.7237434,Whistle,0
-1.3885946,-1.3337291,6.4717402,Whistle,0
-1.8043181,-2.334641,5.892578,Whistle,0
-1.6468856,-2.144681,8.627295,Whistle,0
7.691761,14.101714,9.213294,Whistle,0
6.422181,13.14216,9.244394,Whistle,0
3.4496057,9.439466,-0.8344587,Whistle,0
6.160246,13.040472,9.30213,Whistle,0
-3.1280472,-2.0335636,2.8748574,Whistle,0
0.9111906,4.163197,-0.07204814,Whistle,0
-2.2233095,5.2859554,3.2637603,Whistle,0
-2.191477,-1.2621629,5.525787,Whistle,0
2.1285017,5.723303,0.2705748,Whistle,0
-2.2861795,-1.0247011,5.618141,Whistle,0
-2.0176978,-0.5242816,5.5463095,Whistle,0
3.6291268,9.247886,-0.7923217,Whistle,0
-2.2477553,-1.177654,4.8501844,Whistle,0
-2.4539258,-1.5155905,4.5765953,Whistle,0
-2.9029987,-1.678406,3.484685,Whistle,0
5.9107823,12.77557,9.202703,Whistle,0
-1.683521,-0.99732536,5.582957,Whistle,0
-3.4058437,-1.6162694,2.1698668,Whistle,0
5.874092,12.809705,9.258583,Whistle,0
-2.8669744,-2.0491586,5.306071,Whistle,0
-1.9103097,-2.720816,4.893793,Whistle,0
-2.71721,-1.9252424,5.4739428,Whistle,0
3.4850926,9.388998,-0.8172569,Whistle,0
-2.6906238,-1.7254074,4.22915,Whistle,0
-2.7750342,-2.096538,5.249296,Whistle,0
3.6445417,12.450694,6.722986,Whistle,0
-2.6855407,-1.4745141,4.1020412,Whistle,0
7.1191907,13.617201,9.2219515,Whistle,0
-2.068458,-1.8550522,5.30684,Whistle,0
-2.6343412,-2.049466,5.2563963,Whistle,0
-3.3956163,-1.3306307,2.2320845,Whistle,0
14.589391,5.1623554,10.054131,Whistle,0
-1.8823838,-1.6909726,5.8332844,Whistle,0
3.3843815,9.519389,-0.8557554,Whistle,0
-1.8732771,-1.654685,5.748129,Whistle,0
7.8413754,14.250637,9.096212,Whistle,0
2.7339752,6.496078,-1.1405698,Whistle,0
7.7509747,14.160224,9.168164,Whistle,0
-2.368805,-1.7125232,4.773066,Whistle,0
-2.4321048,-1.7451398,4.68567,Whistle,0
2.2896352,2.3546233,3.5171885,Whistle,0
-1.8095266,-1.0129901,5.3062572,Whistle,0
-2.0079474,-1.922817,7.69996,Whistle,0
-1.1942267,-1.4279225,6.1196465,Whistle,0
-2.0236397,-2.0194874,7.580292,Whistle,0
-1.2964479,-1.2039241,6.532291,Whistle,0
0.88013715,4.2646713,-0.15379488,Whistle,0
-1.7676609,-0.65687454,5.297426,Whistle,0
-2.3642118,-2.196057,6.818538,Whistle,0
-1.7119491,3.7087195,3.8157105,Whistle,0
-2.0259173,-2.0200114,7.4760294,Whistle,0
-1.4051545,-1.4845804,6.8301606,Whistle,0
3.3474472,9.565822,-0.8750418,Whistle,0
3.660567,12.462667,6.738053,Whistle,0
-0.61844504,4.1280794,1.6995867,Whistle,0
-2.7794755,-1.7534325,4.127541,Whistle,0
6.60842,13.256843,9.230217,Whistle,0
1.6983392,5.9022036,-2.0787678,Whistle,0
7.6323876,14.043485,9.250588,Whistle,0
-2.756533,-1.6492442,4.0322413,Whistle,0
3.3001897,9.6234,-0.9212251,Whistle,0
2.761006,6.4886403,-1.1692986,Whistle,0
2.2231097,5.8508615,0.09586029,Whistle,0
2.3597202,2.3213823,3.4794476,Whistle,0
-2.867981,-1.6396403,3.6614125,Whistle,0
-2.1972566,-1.7580562,5.0071974,Whistle,0
-1.5799407,-2.0869234,6.479043,Whistle,0
-1.5571625,-2.2111933,7.0183206,Whistle,0
-2.5131316,-1.9216878,6.5645723,Whistle,0
2.131205,10.826676,4.746872,Whistle,0
-2.8284512,-2.04035,4.9355426,Whistle,0
-2.163314,-1.7580905,5.03686,Whistle,0
-1.6110067,-2.1073573,6.2560086,Whistle,0
-1.6770352,-2.3484273,6.780401,Whistle,0
-2.528145,-1.7193131,6.240881,Whistle,0
2.1410992,5.809011,0.18340853,Whistle,0
-2.4790761,-1.5320383,4.4560533,Whistle,0
-1.5997978,-2.073606,7.0938053,Whistle,0
-2.721488,-1.5845284,3.9889526,Whistle,0
-1.700575,-2.0746586,7.36073,Whistle,0
-1.4269034,-2.0769336,6.943189,Whistle,0
2.2365348,2.354366,3.569594,Whistle,0
-2.6360366,-1.4988953,4.18527,Whistle,0
-1.6074609,-2.0792031,7.070504,Whistle,0
-3.4974642,-1.512005,2.0700629,Whistle,0
-1.6215029,-2.0073152,7.119163,Whistle,0
-1.4917486,-1.8727063,6.387573,Whistle,0
-3.5692728,-1.585577,1.8187772,Whistle,0
-2.7703156,-2.1194541,6.484993,Whistle,0
-1.5551385,-2.3666277,6.675315,Whistle,0
-1.4425733,-1.5388551,6.993005,Whistle,0
-2.040683,-2.413112,6.7480664,Whistle,0
-1.4128066,-1.6246866,6.9392567,Whistle,0
-2.3438327,-2.5945134,6.5709133,Whistle,0
-1.8207805,-3.024844,4.7423496,Whistle,0
-2.2586808,5.324481,3.298188,Whistle,0
-2.8692865,-2.2927687,6.4926763,Whistle,0
-1.4912653,-2.5798714,6.2306695,Whistle,0
-1.4795913,-1.3845416,6.9988704,Whistle,0
-2.0873775,-2.5132399,6.7364655,Whistle,0
-1.4137748,-1.3711952,6.768499,Whistle,0
-2.5276313,-2.6526184,6.2499413,Whistle,0
-1.815021,-3.1810265,4.566933,Whistle,0
-2.339396,-1.6517863,4.794853,Whistle,0
14.667801,5.012824,10.062207,Whistle,0
-2.9208412,-1.7653743,3.5041633,Whistle,0
2.6943982,6.514729,-1.1218683,Whistle,0
14.841291,4.3461003,10.204495,Whistle,0
-3.1140866,-1.9229065,2.8831499,Whistle,0
2.350933,2.3363528,3.4882262,Whistle,0
-2.670075,-1.9551836,4.5512853,Whistle,0
14.687961,4.963572,10.065449,Whistle,0
2.2336137,5.881911,0.10376964,Whistle,0
2.4117134,2.3502495,3.420979,Whistle,0
14.729799,4.859039,10.081496,Whistle,0
14.855899,4.3351536,10.212689,Whistle,0
6.3612146,13.124924,9.238886,Whistle,0
6.384451,13.13329,9.250987,Whistle,0
-2.6881337,-1.50774,4.1335115,Whistle,0
-2.8443813,-1.6798754,3.4824347,Whistle,0
7.729347,14.137885,9.22086,Whistle,0
-1.5663183,-2.5007906,6.1373234,Whistle,0
-2.2214162,-1.8242491,8.06966,Whistle,0
-1.6125399,-0.8274614,5.5889664,Whistle,0
3.5787737,9.252838,-0.76706386,Whistle,0
7.170441,13.65924,9.226961,Whistle,0
-1.4233527,-2.4728816,6.566442,Whistle,0
-2.3484805,-1.8932358,7.784479,Whistle,0
-1.516275,-0.9284804,5.8404865,Whistle,0
-3.2271636,-1.3806264,2.5703177,Whistle,0
-2.4191732,-1.6356128,4.5879083,Whistle,0
-2.8580256,-1.6153184,3.576946,Whistle,0
-2.6112998,-1.4787507,4.2177763,Whistle,0
-2.2092996,-1.8101283,4.93592,Whistle,0
-3.4891863,-1.7099568,1.9605086,Whistle,0
-1.5748409,-2.0471299,6.930526,Whistle,0
-1.5935299,-2.1568334,6.9525394,Whistle,0
-1.4808105,-2.05624,6.957113,Whistle,0
-2.2971563,-1.6068588,6.4774666,Whistle,0
-2.2823582,-0.7324562,5.5332913,Whistle,0
-1.62446,-1.969799,7.0299945,Whistle,0
-1.6402783,-2.1536098,6.9708567,Whistle,0
-1.455921,-1.9661685,6.891985,Whistle,0
-3.358593,-1.520441,2.240717,Whistle,0
-1.9657276,-2.0611522,5.4488344,Whistle,0
-1.7172931,-1.0654308,5.516169,Whistle,0
-3.3598719,-1.4815584,2.4252815,Whistle,0
-2.4393413,-1.7379769,4.689591,Whistle,0
-2.7749677,-1.866661,4.1845493,Whistle,0
3.4406834,9.453504,-0.8481961,Whistle,0
7.82715,14.246599,9.090787,Whistle,0
-2.897648,-1.6825035,3.4644575,Whistle,0
-2.9140866,-1.6030581,3.715584,Whistle,0
6.7653522,13.357673,9.236652,Whistle,0
14.861071,4.175357,10.272151,Whistle,0
6.9846373,13.522749,9.2223215,Whistle,0
-2.8490129,-1.6541551,3.6000943,Whistle,0
14.653742,5.075444,10.081798,Whistle,0
3.3555255,9.562632,-0.8614198,Whistle,0
-1.582436,-1.9028488,8.147321,Whistle,0
-3.0074685,-1.9517441,3.1953616,Whistle,0
-2.3063414,-1.7348151,4.898792,Whistle,0
-1.5680133,-2.0577335,8.118926,Whistle,0
-2.1870928,-1.6055954,5.5087967,Whistle,0
-1.8586813,-1.8518637,8.212416,Whistle,0
-1.3121787,-1.8379681,9.30379,Whistle,0
-1.5440223,-2.1880927,9.708078,Whistle,0
-1.5906008,-1.2794611,5.942688,Whistle,0
-1.1068758,-1.6945088,9.707258,Whistle,0
-1.3694912,-2.4521136,9.620455,Whistle,0
-1.4973114,-2.1669343,8.678116,Whistle,0
-1.6146257,-2.0286405,8.4858465,Whistle,0
-2.0075426,-1.7686619,9.156202,Whistle,0
-1.5872283,-1.6881902,9.31917,Whistle,0
-1.9981035,-2.2142913,4.895472,Whistle,0
-1.4390243,-1.8006824,9.134951,Whistle,0
-1.8977379,-1.7605178,9.256615,Whistle,0
-1.3139151,-2.65838,9.316762,Whistle,0
-1.7066569,-1.8893613,7.7889447,Whistle,0
-1.1706599,-3.0048132,9.673065,Whistle,0
-1.3597469,-2.8247547,9.596864,Whistle,0
-2.3018284,-1.0509368,4.7064047,Whistle,0
-1.4589895,-1.957846,8.86445,Whistle,0
-2.0319338,-2.4632342,5.457179,Whistle,0
-1.5126668,-2.2906554,6.5530725,Whistle,0
-1.7748579,-1.2122666,6.9880548,Whistle,0
-1.3026994,-2.6235547,9.074499,Whistle,0
-1.3426287,-2.1898615,7.578542,Whistle,0
14.849694,4.098052,10.310627,Whistle,0
7.885345,14.295703,9.054328,Whistle,0
14.794893,4.6473527,10.1207075,Whistle,0
-3.449825,-1.8266882,2.0599296,Whistle,0
2.4251974,2.358607,3.4047759,Whistle,0
2.7785144,6.491707,-1.1680275,Whistle,0
3.6415117,12.449151,6.721921,Whistle,0
-2.6003485,-2.2325654,4.1204104,Whistle,0
14.865572,4.2156863,10.257288,Whistle,0
14.879353,4.2388997,10.248147,Whistle,0
2.1731079,10.879143,4.788906,Whistle,0
-2.6045284,-1.6612597,4.347635,Whistle,0
-2.4352202,-1.6701247,4.6189938,Whistle,0
2.7344294,6.5192666,-1.1727244,Whistle,0
-1.9224836,-2.0935287,5.546858,Whistle,0
14.601367,5.1419997,10.053912,Whistle,0
-2.3058577,-1.6367246,4.7818027,Whistle,0
-2.0252657,-1.9979484,5.334417,Whistle,0
-2.6716185,-1.4178039,4.1431565,Whistle,0
-2.1779964,-1.6770544,5.0869603,Whistle,0
-2.5743809,-2.142954,4.3915377,Whistle,0
-2.8213353,-1.7381332,3.8651545,Whistle,0
-2.9539077,-1.7471251,3.391617,Whistle,0
-3.1138015,-1.4141514,2.9636412,Whistle,0
-2.8181965,-1.6303334,3.5087419,Whistle,0
14.863058,4.297925,10.225547,Whistle,0
-2.8755887,-1.6750692,3.5988781,Whistle,0
-2.774429,-1.7125376,3.9972022,Whistle,0
-2.9970376,-1.813839,3.1669724,Whistle,0
-2.7562208,-1.754964,4.194828,Whistle,0
-2.8971772,-1.7324736,3.498006,Whistle,0
-2.7663045,-1.7001748,4.04106,Whistle,0
3.7347696,12.527815,6.803928,Whistle,0
-2.8068945,-1.6706244,3.951914,Whistle,0
-3.3815684,-1.8826958,2.2123685,Whistle,0
-3.1363442,-1.8392501,2.8731842,Whistle,0
-2.6350617,-1.4926559,4.1951914,Whistle,0
3.2388515,11.111739,-1.1929761,Whistle,0
-2.5302413,-1.8653722,7.6011534,Click,1
-2.0196576,-0.5900994,5.1491575,Click,1
-1.5335693,3.1684237,3.7830918,Click,1
-1.3747224,-2.7599277,5.7525773,Click,1
-1.9140946,-0.8057127,7.0675173,Click,1
-2.4569242,-1.6727942,7.6645994,Click,1
-2.643248,-0.92327684,6.1282063,Click,1
-2.0724978,-1.5897074,7.015274,Click,1
-1.1128956,-0.8495427,10.362568,Click,1
-2.1124306,-1.752046,7.673617,Click,1
-1.72214,-2.7489982,6.2460093,Click,1
-2.1220908,-1.2507645,7.9807715,Click,1
-2.5877843,-2.0657072,7.114086,Click,1
-2.2772813,-2.5895312,5.0394597,Click,1
-1.8933253,-0.5184454,5.870491,Click,1
-1.4062386,-0.72840655,8.888338,Click,1
2.4835382,7.006006,-1.5487038,Click,1
-1.7826095,-3.1803493,5.6271257,Click,1
-1.4595362,-2.6641538,5.6340895,Click,1
-1.8492333,-3.3733754,5.272544,Click,1
-1.8084819,-0.8176402,7.0000525,Click,1
-1.4106222,-1.8375176,6.469894,Click,1
-2.521082,-1.5593624,7.6227922,Click,1
-1.7021719,-0.9622009,8.990597,Click,1
-2.0053582,-1.6990825,7.6331096,Click,1
-1.4863057,-1.2566712,8.464471,Click,1
-2.5828588,-1.8361238,7.482291,Click,1
-1.3978267,-1.9291632,6.367017,Click,1
-2.1880822,-0.29589933,6.4644876,Click,1
-1.4498644,-0.8290238,5.953334,Click,1
-2.6050777,-1.9163585,7.6462646,Click,1
-2.5070841,-1.9645007,7.759704,Click,1
-2.3244295,-2.7678123,3.8543775,Click,1
-2.9197073,-2.1376696,6.7504005,Click,1
-1.578678,-1.642305,8.148335,Click,1
-2.2376018,-1.0820369,7.2013016,Click,1
-1.7990255,-1.6343799,5.8998194,Click,1
-1.9916875,-1.3549597,8.142425,Click,1
-2.2774534,-2.818835,3.9268878,Click,1
-2.4110227,-1.5109767,7.818354,Click,1
-2.6593654,-1.4573007,7.42891,Click,1
-2.2363985,-0.22074768,6.46318,Click,1
-1.9436607,-0.6100122,5.0867596,Click,1
1.6477244,2.3926234,4.082031,Click,1
-2.5006285,-1.5761473,7.5756164,Click,1
-1.9223814,-2.9403434,4.566693,Click,1
-2.5914588,-1.1549227,6.983995,Click,1
-1.4688274,-0.7770886,6.8543515,Click,1
-1.9848083,-2.1843157,6.9149733,Click,1
-1.9597692,-0.44855344,5.225345,Click,1
-1.100407,-0.8992311,6.6827903,Click,1
-2.398849,-2.2465053,7.4904284,Click,1
-2.1360054,-1.8271142,7.5808425,Click,1
-1.6474963,-1.3529966,5.68435,Click,1
-1.4188296,-2.5839999,6.632364,Click,1
-2.6039228,-1.799288,7.460885,Click,1
-1.8864249,-0.8178151,7.3144298,Click,1
-1.9402685,-0.8382209,7.771729,Click,1
-1.4835525,-0.7347813,9.638335,Click,1
-1.6026213,-0.79911107,9.255738,Click,1
-1.384926,-0.32126373,9.349597,Click,1
-1.9590617,-0.7955682,7.577317,Click,1
-1.9666979,-1.1157855,7.6453295,Click,1
-1.0298693,-0.09639743,10.320495,Click,1
-0.94405794,-0.027749464,10.583864,Click,1
-1.0106356,-0.069389425,10.464684,Click,1
-1.2363873,-1.1729586,6.3077183,Click,1
-2.4578452,-1.132764,6.95489,Click,1
-1.4536897,-1.6960117,7.674884,Click,1
-1.3955007,-1.7333595,7.739685,Click,1
-1.3664297,-1.4782727,7.543474,Click,1
-1.5300276,-1.7718577,7.8729277,Click,1
-1.3733543,-1.9194833,6.548458,Click,1
-2.3181734,-2.536711,6.7968836,Click,1
2.2982821,6.777334,-1.7071394,Click,1
-1.8026326,-2.7858047,6.2583528,Click,1
-2.373665,-1.1553172,6.962442,Click,1
-1.3982548,-1.8764917,6.493435,Click,1
-2.0937319,-1.8419943,5.2298603,Click,1
-1.3454099,-1.6192657,8.453811,Click,1
-1.7292674,-1.7571745,7.865867,Click,1
2.0341322,2.2190752,3.9131792,Click,1
-2.241724,-2.111653,7.6784115,Click,1
2.1706805,2.275707,3.7541156,Click,1
-1.4098686,-2.635021,6.7179646,Click,1
-2.2464106,-1.5109421,7.4155025,Click,1
-1.337315,-1.8785076,6.639357,Click,1
-1.7347246,-1.6427495,6.287788,Click,1
1.6867372,2.3276746,4.1181417,Click,1
2.4209788,6.9502935,-1.6221901,Click,1
-0.9307998,3.7615933,2.5681646,Click,1
-1.5805042,3.0476308,3.8805418,Click,1
-2.0450304,-0.45642522,6.6816926,Click,1
-1.183782,3.6413882,2.959064,Click,1
-2.619776,-1.9433546,6.995533,Click,1
-1.2706164,3.6131983,3.138652,Click,1
2.3127935,6.799385,-1.695787,Click,1
-2.3239756,-2.5128255,6.406856,Click,1
-1.8926327,-3.022319,5.077259,Click,1
-3.3865747,-1.677973,2.0886548,Click,1
-1.9925784,-3.1833622,5.9997253,Click,1
-1.8291073,4.694818,3.3983817,Click,1
-2.2875504,-1.1452675,5.5483255,Click,1
-1.898676,-3.1030514,4.649571,Click,1
-2.3241613,-1.1978811,5.476752,Click,1
-2.4677308,-2.374835,5.324004,Click,1
-1.4864136,-0.7524266,6.6794143,Click,1
-2.2838767,-1.2899548,9.714232,Click,1
-2.1949012,-2.9110866,4.0283346,Click,1
-3.1574588,-2.2142658,6.4793468,Click,1
2.3779895,6.868405,-1.6109211,Click,1
-2.03339,-0.9155901,7.688631,Click,1
-2.0781784,-1.1258903,9.561227,Click,1
-2.9468102,-2.2561405,6.716586,Click,1
-1.1134272,-1.348449,6.2865715,Click,1
-2.3250916,-1.5401818,7.8447614,Click,1
-1.8107859,-3.2869244,5.4987087,Click,1
-3.1719565,-2.1491082,6.529223,Click,1
2.5285554,7.0185533,-1.4805739,Click,1
-2.0422707,-1.7736112,8.220995,Click,1
-1.3220955,-2.421943,6.1803007,Click,1
-1.434897,-0.6782351,9.030163,Click,1
-2.6119475,-1.7056321,7.54254,Click,1
-2.441717,-2.169193,4.842991,Click,1
-2.3520195,-0.5519648,6.6119304,Click,1
-3.1707394,-2.1937592,6.487899,Click,1
-2.3723211,-1.5939132,7.923729,Click,1
-1.8136871,-2.4042938,4.7404733,Click,1
-2.6273715,-0.88299847,6.4606295,Click,1
-2.7051759,-1.9934391,7.4768386,Click,1
-1.7122718,-0.837083,9.141971,Click,1
0.014315359,4.191124,1.4208084,Click,1
5.8836975,12.834252,9.298389,Click,1
-2.3290095,-0.5833628,6.6499176,Click,1
-2.3079164,-2.7910128,3.865373,Click,1
-2.9178646,-1.7446026,3.4399035,Click,1
-2.4058163,-0.63120013,6.7529616,Click,1
1.4830874,2.5026095,3.8779635,Click,1
-1.7419244,-2.6355133,6.5133886,Click,1
-2.206351,-0.30575484,6.155974,Click,1
1.9477575,2.2730806,3.9711165,Click,1
-1.5829796,3.05975,3.876286,Click,1
-2.2527344,-0.3790937,6.4732666,Click,1
-1.8699737,-3.2967856,5.2859616,Click,1
-1.3112118,-2.6581059,7.1975617,Click,1
-2.3009245,-1.7016892,7.035601,Click,1
-1.9826756,-3.0522084,4.325476,Click,1
-1.3916683,-2.0293958,7.1597505,Click,1
-2.2918713,-0.4411393,6.647575,Click,1
1.7822055,10.34192,4.4090815,Click,1
-2.4601517,-0.6623928,6.7398596,Click,1
-2.4208577,-2.3990784,6.7477098,Click,1
-1.1745237,-1.0711243,6.1290636,Click,1
-1.762697,-1.3125803,6.3530836,Click,1
-1.5497397,-0.91013265,5.763393,Click,1
-3.206093,-2.1867554,6.452499,Click,1
-2.6360717,-2.4212954,4.5641103,Click,1
-2.465842,-2.7465653,6.3467817,Click,1
-2.217054,-1.3227032,5.229083,Click,1
-1.7711414,-1.1057606,7.299674,Click,1
-2.1582751,-0.3756367,6.2338386,Click,1
-3.0923164,-1.6934146,3.065489,Click,1
-2.2891636,-2.7075331,6.663097,Click,1
-2.201317,-0.28703764,6.5386,Click,1
-1.0265527,-1.1809468,6.2291856,Click,1
-1.8548892,-3.3810043,5.195712,Click,1
-2.5615315,-1.9726144,7.692502,Click,1
-2.9857516,-2.3729706,6.612461,Click,1
-3.044119,-2.048684,3.0217314,Click,1
-1.5869962,-1.4538239,6.003599,Click,1
-1.875604,-0.84968776,7.063079,Click,1
-1.9806197,5.0255475,3.2838078,Click,1
-1.6663107,-1.2304243,5.4736304,Click,1
-1.7183658,-2.953721,4.7549753,Click,1
-2.4101532,-2.7072973,6.629723,Click,1
-2.4946856,-1.2819903,6.4797664,Click,1
4.2589874,8.71884,-0.6481358,Click,1
-2.3532937,-2.7878397,6.7364635,Click,1
-1.7922406,-3.4468508,5.106504,Click,1
-1.8223575,-1.5945436,6.19399,Click,1
-2.562033,-1.4523826,7.650086,Click,1
-1.3018602,-1.0454501,6.578806,Click,1
-2.6066315,-0.8990617,6.4567604,Click,1
-1.6540941,-1.0194075,5.632355,Click,1
-1.5093851,3.1438205,3.745055,Click,1
-1.6078702,-1.892135,8.054666,Click,1
1.8715541,4.7558947,-0.071342476,Click,1
-1.2981292,3.4386942,3.295584,Click,1
-1.8551317,-3.3852134,5.1802244,Click,1
-1.5450314,3.1554515,3.7925065,Click,1
-2.6111906,-2.65822,6.6286545,Click,1
-3.2161515,-1.4625432,2.5205297,Click,1
2.0262706,5.475509,0.5303276,Click,1
-2.9953833,-1.6937395,3.5319505,Click,1
1.8794123,10.471465,4.504978,Click,1
2.3734717,6.8571305,-1.6363537,Click,1
5.877207,12.746452,9.255684,Click,1
-1.7993228,-3.1019468,4.5703087,Click,1
-2.7866144,-1.2002699,3.4360175,Click,1
-2.6680448,-0.83544034,6.303539,Click,1
5.709374,12.636393,9.083337,Click,1
4.2543836,8.709332,-0.6228064,Click,1
-3.112208,-2.2329946,6.4903502,Click,1
-1.4327592,-1.2103791,6.677443,Click,1
-2.0380654,-1.321986,7.901467,Click,1
-1.5714426,-2.623079,6.2083406,Click,1
-1.9549214,-3.1024454,5.237969,Click,1
1.9527153,5.28494,0.56176233,Click,1
-2.5623326,-1.8271836,7.5420995,Click,1
-1.6765543,-1.5784721,7.781752,Click,1
-2.0081763,-0.4573472,6.250364,Click,1
-1.7957734,-3.41452,4.9823365,Click,1
-3.30407,-1.3684694,2.388809,Click,1
-2.5418723,-1.3923672,7.2463837,Click,1
-2.7569096,-1.8100607,6.882775,Click,1
1.9118781,5.2674108,0.6837348,Click,1
-2.2735462,-0.81806993,5.67453,Click,1
-2.6280277,-2.2452614,4.1329226,Click,1
-1.561955,-0.6206295,6.399259,Click,1
-1.8939173,-0.30993116,5.928217,Click,1
-1.8998086,-3.2683754,5.260968,Click,1
-1.8651372,-1.8160783,8.318624,Click,1
-1.3783177,3.3881295,3.4742298,Click,1
-1.3984867,-2.0107331,6.6850853,Click,1
-2.905364,-2.436115,6.52992,Click,1
-2.113786,-0.4068043,6.369219,Click,1
-2.5378296,-1.4021095,7.0168896,Click,1
-2.1742823,-0.115273975,6.098114,Click,1
-2.26154,-0.23937127,6.3719525,Click,1
-3.2297175,-1.4735098,2.5791435,Click,1
-2.005262,-0.071559645,5.9779463,Click,1
-2.2527726,-2.8519592,3.9567146,Click,1
-2.7596695,0.17701797,6.6359425,Click,1
-2.336927,-2.7627516,3.8537967,Click,1
-2.5989473,-1.6927025,3.530401,Click,1
-0.90026766,-3.3051221,6.083504,Click,1
-1.461369,-1.5667992,7.684584,Click,1
-2.4554617,-2.3769083,6.2660007,Click,1
-1.9959122,-0.4417639,5.3609643,Click,1
1.9444737,5.2842984,0.7545958,Click,1
-2.736612,-1.6406232,6.747806,Click,1
-2.959036,-1.3042394,3.0372717,Click,1
-1.6825371,-0.7232688,5.8335323,Click,1
-0.58225816,3.5556731,1.9423687,Click,1
-0.55009013,3.9731104,1.7985379,Click,1
-1.3547502,-1.6382089,7.7723913,Click,1
-1.3209971,-1.19691,6.9986234,Click,1
-3.1854854,-2.163585,6.528799,Click,1
1.6264305,2.9346988,3.7426145,Click,1
-1.9351436,-0.89999837,7.355719,Click,1
-1.7990017,-3.4603736,5.2047057,Click,1
-1.7520983,-0.98769635,5.1725655,Click,1
-2.245383,-0.30275902,6.41636,Click,1
1.5386992,2.524768,3.953485,Click,1
-0.50855535,3.9340615,1.794441,Click,1
-2.3115532,-0.84026664,5.693697,Click,1
-2.112493,-0.14929265,5.963742,Click,1
-1.8927351,-3.0888622,5.9192657,Click,1
-2.2711778,-2.3622262,5.88603,Click,1
-1.6855946,-0.86878556,5.246706,Click,1
-1.8573633,-3.2326272,4.437327,Click,1
-2.4805045,-2.092505,7.560107,Click,1
-2.332214,-0.9844927,7.3228173,Click,1
-2.3984854,-2.3899434,7.1346326,Click,1
-2.5388653,-1.3377389,7.2360687,Click,1
1.7313188,2.250553,4.176805,Click,1
1.6246437,2.967759,3.7305017,Click,1
-2.0957587,-0.2188446,6.296122,Click,1
-2.2384858,-2.013897,4.5637307,Click,1
-2.4228187,-0.9145789,7.283993,Click,1
1.8028378,2.2210836,4.2047787,Click,1
-1.2558554,-1.6625419,7.1180515,Click,1
-1.6668253,-0.6563967,5.4720483,Click,1
-2.1544843,-0.29184616,6.4942956,Click,1
-2.0101995,-0.793843,7.155593,Click,1
-3.0836058,-2.254928,6.5070887,Click,1
-2.7146251,-1.3822112,7.4281297,Click,1
-1.7672462,4.053541,3.7200696,Click,1
-2.186309,-0.38174495,5.966169,Click,1
-2.5690985,-0.91249096,5.9988546,Click,1
4.2098446,8.771266,-0.6619301,Click,1
-2.2255237,-0.25439727,6.3501554,Click,1
-2.2256136,-0.27473205,6.449886,Click,1
-2.729922,-1.8883759,7.363939,Click,1
-1.405018,-1.8033842,6.4051094,Click,1
-2.2715394,-2.528582,6.9339924,Click,1
-2.6425054,-0.901794,6.4010572,Click,1
-1.7742549,4.1271167,3.6560404,Click,1
-1.7903292,-3.2540042,4.538687,Click,1
-3.3292012,-1.0643828,2.2419906,Click,1
-2.1686366,-0.5090533,6.7714486,Click,1
1.8488603,4.723632,-0.09005033,Click,1
-1.0024439,-1.1594645,6.32884,Click,1
-1.4062804,-0.68954635,8.988488,Click,1
-2.4329827,-2.4699452,7.221775,Click,1
-0.95749426,-1.0078732,6.0868106,Click,1
-2.5661702,-1.3827566,7.1871214,Click,1
2.1889472,5.8304043,0.12032002,Click,1
-1.6113944,-1.6571299,7.984561,Click,1
2.0984972,2.3070788,3.5112948,Click,1
-1.562016,3.1935048,3.788253,Click,1
-1.4539821,-1.7275524,7.9158626,Click,1
-1.9860466,-1.7980404,5.3728557,Click,1
-1.8977214,-0.69484806,6.451914,Click,1
-2.336611,-0.7927605,5.6863775,Click,1
-1.8284034,-3.2332656,4.8687096,Click,1
-3.3894901,-1.5803192,2.130736,Click,1
-1.8318857,-3.232052,4.4993715,Click,1
-1.4147617,-0.44515604,9.240414,Click,1
-1.2810948,-1.3830373,7.8120875,Click,1
-2.54399,-1.7744242,7.423918,Click,1
-2.1022098,-0.18055695,5.989868,Click,1
-1.8177791,-3.2142537,4.5663795,Click,1
-2.4235334,-1.7705092,7.490956,Click,1
3.2432973,12.305197,6.3790855,Click,1
-2.0177271,-3.1890528,5.63973,Click,1
-2.2034838,-1.2708437,7.6081653,Click,1
-1.3812134,-1.9020677,7.420029,Click,1
-1.3891286,-1.89889,7.586013,Click,1
-1.3274633,-2.5172782,9.405608,Click,1
-0.96473277,-2.433875,9.878014,Click,1
-1.3206248,-1.1124212,9.751649,Click,1
-1.4265573,-2.0878572,9.587903,Click,1
-1.6306586,-2.0464687,7.9856863,Click,1
-1.5923744,-1.8167218,9.065269,Click,1
-1.9939841,-0.7984349,7.5582156,Click,1
-1.2627517,-1.1308312,7.35722,Click,1
-2.0570092,-2.059702,7.8825536,Click,1
-1.8591546,-1.685094,7.9065075,Click,1
-1.3555079,-1.0036671,7.364486,Click,1
-1.2168415,-2.37219,8.004834,Click,1
-1.1381791,-1.3256772,7.5356283,Click,1
-1.1558834,-2.6914368,7.6042557,Click,1
-1.2048135,-2.3857849,7.9971104,Click,1
-1.137549,-1.3145872,7.537724,Click,1
-1.1448137,-2.7134802,7.596468,Click,1
-1.2054001,-2.3803096,8.0121355,Click,1
-1.1439545,-1.2944236,7.5249333,Click,1
-1.1559329,-2.7078629,7.5895557,Click,1
-1.6257899,-1.8633107,6.311863,Click,1
-1.7371218,-2.987827,4.6827407,Click,1
-2.7699845,-1.6830205,7.403161,Click,1
-1.7026336,-0.7385003,5.3175054,Click,1
1.85534,2.2888055,4.028664,Click,1
-2.2356,-1.0062243,4.7959495,Click,1
-2.6538775,-1.6704047,7.361764,Click,1
-1.2012824,-2.3919635,7.9907618,Click,1
-1.142084,-1.3220475,7.5272136,Click,1
-1.1530102,-2.7091174,7.6051655,Click,1
-1.3003019,-1.0472871,5.984528,Click,1
-2.1528296,-0.70776796,5.6417875,Click,1
-2.0899215,-3.1245954,6.1061025,Click,1
-2.185604,-2.355337,7.3376126,Click,1
2.022793,2.1605515,3.8334258,Click,1
-2.7014382,-2.5153718,6.7608676,Click,1
-1.7885578,-3.2585518,4.559212,Click,1
-2.3340561,-0.6737588,7.1344833,Click,1
-1.6143926,-2.9296687,5.7584434,Click,1
-1.921014,-1.731513,8.200543,Click,1
-1.7287865,-2.6578069,6.4008965,Click,1
-1.8589523,-2.3993316,4.6998568,Click,1
-2.1454551,-0.33128545,6.3731017,Click,1
-2.1614866,-0.6312008,7.1393933,Click,1
-2.6355176,-1.8288739,7.383222,Click,1
-2.2642856,-1.5938146,8.004893,Click,1
-1.7908877,-3.214544,5.3863053,Click,1
2.3499124,6.8439217,-1.6575619,Click,1
-1.2853348,3.4175897,3.3195364,Click,1
-2.5522752,-2.5848908,7.0334053,Click,1
-1.2791709,-0.4048245,9.248923,Click,1
-1.4583132,-0.9646366,8.719209,Click,1
-2.155338,-0.25821754,6.0873327,Click,1
2.0852535,2.3213115,3.5326517,Click,1
-1.0179619,-1.406462,6.283081,Click,1
-2.4101076,-0.65297455,6.859722,Click,1
-2.076545,-0.70215434,6.786424,Click,1
-2.260459,-0.23726445,6.5159187,Click,1
1.9432927,5.2565427,0.7254993,Click,1
-1.8773783,-3.1735559,4.4449368,Click,1
-2.2701988,-1.967221,4.899655,Click,1
-1.7090397,-2.7583306,4.8650584,Click,1
-2.6495566,-0.8473819,6.257087,Click,1
1.921963,5.248117,0.77613753,Click,1
-1.8197972,-3.4565737,5.277507,Click,1
-2.1949313,-0.3785618,6.6254454,Click,1
-2.2940497,-0.54624325,6.8121805,Click,1
-2.7464793,-1.8016853,6.919657,Click,1
-2.2690704,-2.8103073,3.9399736,Click,1
-1.570924,-0.60972327,6.500043,Click,1
-3.175433,-2.1165864,6.5716553,Click,1
1.1810229,2.163928,3.8886118,Click,1
-2.7753518,-2.4862514,6.885118,Click,1
-2.0698943,-0.8622583,4.9518037,Click,1
-1.8679143,-3.1056576,5.3531833,Click,1
-2.515647,-2.561075,6.5517893,Click,1
-1.8275913,-0.4107736,5.181023,Click,1
-2.1461048,-0.6966892,6.8307796,Click,1
-2.641414,-1.3609477,7.1180406,Click,1
-2.9097838,-1.3299456,3.1159408,Click,1
-3.0333116,-2.2687407,6.595573,Click,1
-2.6347096,-1.1709313,3.9286141,Click,1
1.525707,2.4996796,3.8899407,Click,1
-1.8889858,-0.4448926,5.2236805,Click,1
-2.0611055,-3.1736355,5.975634,Click,1
-1.7758299,-3.2047334,4.5875,Click,1
-2.6058753,-1.018549,6.1091943,Click,1
-1.998884,-2.994809,5.3597775,Click,1
-2.2702975,-0.3631838,6.527963,Click,1
-1.6475348,-0.8234776,5.3765316,Click,1
-1.8962338,-3.3060265,5.490034,Click,1
-2.4101596,-2.5174284,7.091024,Click,1
-2.3475285,-2.7236795,6.3498783,Click,1
-2.405496,-0.9605781,5.688685,Click,1
-2.0713344,-0.20884722,5.9335947,Click,1
-3.386378,-1.7813733,2.0848866,Click,1
1.9062454,2.2886276,3.9921255,Click,1
-1.2873722,-1.0344784,5.906078,Click,1
-1.5608474,-1.7066021,8.008378,Click,1
-2.6170542,-0.90212137,6.1418314,Click,1
-1.8122128,-2.5056002,4.6803794,Click,1
-2.0189512,-2.782499,4.4684353,Click,1
-1.1701907,-1.3340975,6.131448,Click,1
-1.6360095,-1.3672144,5.791011,Click,1
-3.0384383,-1.8629074,3.438832,Click,1
-2.5284998,-0.7031661,6.6294127,Click,1
-2.4122787,-1.3926877,7.6819177,Click,1
-2.892172,-1.7202303,6.8361363,Click,1
1.557764,2.5783935,3.8923752,Click,1
-1.98548,-3.221874,5.849165,Click,1
1.633641,2.4449477,4.0529466,Click,1
1.9419464,2.2470915,3.470538,Click,1
-2.30942,-2.1661248,7.5908585,Click,1
-2.3915713,-0.5155229,6.5502033,Click,1
-2.7057023,-2.4655237,5.973328,Click,1
-2.1787026,-1.640959,6.1949825,Click,1
-1.5143603,3.1408613,3.7569957,Click,1
-3.2197614,-1.4340034,2.4715574,Click,1
-2.1618261,-0.44152364,6.758713,Click,1
-1.674109,-1.3773949,7.7314706,Click,1
-2.6238406,-1.7405831,7.549879,Click,1
-2.2125814,-1.4321307,5.163212,Click,1
-3.0552185,-2.031116,6.6421447,Click,1
-0.50574344,3.9485538,1.7512043,Click,1
-1.8507034,-3.3966792,5.1876235,Click,1
3.2845526,12.280862,6.3817973,Click,1
-3.0524988,-2.1104906,6.541351,Click,1
-1.9774047,-3.2232223,5.679678,Click,1
4.3288345,8.549103,-0.7123,Click,1
-0.5730192,0.71988547,10.971718,Click,1
-1.2566483,-0.083939895,11.348867,Click,1
-1.7898873,-3.2874289,4.7809377,Click,1
-1.9324496,-3.230203,5.0514903,Click,1
-0.8875905,4.574289,1.2233475,Click,1
-1.7545674,-1.0194768,7.2014985,Click,1
-1.9971193,-0.687254,6.90952,Click,1
-2.3081152,5.375402,3.3197932,Click,1
-3.1898599,-1.3431985,2.6207807,Click,1
1.967781,5.3013153,0.7496482,Click,1
-0.89974076,4.5917563,1.2172911,Click,1
1.8108253,10.381287,4.4658246,Click,1
-1.9575696,-3.3308363,5.722131,Click,1
-0.9499669,-0.9327149,10.326056,Click,1
-3.3119519,-2.1202743,6.26264,Click,1
-2.6098027,-2.5799923,6.0391636,Click,1
-1.4990803,-2.2146556,6.4668403,Click,1
-1.7943841,4.1274886,3.6552112,Click,1
3.2425697,12.3115,6.3766017,Click,1
-2.6655009,-1.0261263,6.8976064,Click,1
-2.5246348,-2.3358374,7.0842447,Click,1
-1.574112,-0.6992201,5.5890613,Click,1
-1.3787787,-1.078345,6.144126,Click,1
-2.6770687,-1.784707,5.6824493,Click,1
-1.7460443,-2.2014637,4.7863917,Click,1
-1.8834277,-3.339512,5.5259867,Click,1
-0.35295257,4.3739104,1.3084401,Click,1
-1.8688395,-0.4967658,5.15439,Click,1
-3.090156,-1.968875,2.9960089,Click,1
-2.7491376,-1.61992,3.9590163,Click,1
-2.6041992,-2.6671093,6.8506446,Click,1
-2.1313355,-1.9283873,7.857999,Click,1
-2.5355666,-2.072019,3.6698034,Click,1
-2.2652562,-1.0769377,6.789166,Click,1
-1.87831,-3.322727,5.311675,Click,1
-2.1755013,-0.34181198,6.4841356,Click,1
-3.1605816,-2.224892,6.5072613,Click,1
1.5220462,2.542512,3.854473,Click,1
-1.8479421,-3.3868628,5.251112,Click,1
-1.8553667,-3.4124894,5.30367,Click,1
-1.7992617,4.5680933,3.4519446,Click,1
-2.3075542,-0.31781903,6.5209985,Click,1
3.375952,12.200268,6.441529,Click,1
1.9661958,5.2176147,0.7769368,Click,1
-2.0963767,-0.35708895,6.675843,Click,1
-2.163214,-0.14711295,6.217502,Click,1
-2.177356,-1.2232182,7.947965,Click,1
-2.636989,-1.429183,6.678869,Click,1
-2.6510775,-1.5968587,7.181384,Click,1
-3.0323524,-1.656494,3.390009,Click,1
-0.84922343,-0.71439224,9.437007,Click,1
-1.732547,-2.615166,6.75244,Click,1
1.978523,5.3021936,0.7570982,Click,1
2.573091,6.830663,-1.1154653,Click,1
2.396095,6.9009337,-1.6211318,Click,1
-2.561626,-2.590241,6.0126534,Click,1
-2.7201536,-1.2487881,3.8528147,Click,1
2.1732569,5.82735,0.13030815,Click,1
-2.705675,-2.4159675,5.8590436,Click,1
-3.1523201,-1.4397048,2.6679935,Click,1
-1.857704,-0.5558184,5.072848,Click,1
-2.0426438,-0.62368727,5.0175486,Click,1
-2.3442826,-2.7481785,3.834768,Click,1
4.3502316,8.593361,-0.6814791,Click,1
-2.3847368,-2.6796553,6.795442,Click,1
-2.9014282,-2.4563272,6.417239,Click,1
-2.825274,-1.2732357,3.2756996,Click,1
-2.0728831,-0.124402024,5.9135056,Click,1
-1.5231135,-0.8164219,5.5832825,Click,1
-2.4189303,-0.37901375,6.444498,Click,1
2.5609362,6.813362,-1.1881077,Click,1
2.5101767,6.6834736,-1.0807369,Click,1
5.7582006,12.757293,9.280072,Click,1
1.8705348,4.738188,-0.09350666,Click,1
-0.82895416,3.8190725,2.374085,Click,1
-2.2950344,-2.7989962,3.86904,Click,1
-2.169574,-2.4909322,7.0510845,Click,1
4.321568,8.662815,-0.6611514,Click,1
2.176211,2.3440528,3.6808448,Click,1
4.303133,8.682014,-0.6542497,Click,1
2.1444614,2.3851876,3.6245065,Click,1
-1.7636477,-3.2685773,4.5504894,Click,1
-1.7845275,-3.2700603,4.554514,Click,1
-2.6748922,-1.8633249,5.5044246,Click,1
-2.5532768,-2.6678114,6.889136,Click,1
2.168036,2.3737752,3.6333883,Click,1
-2.7115586,0.18136851,6.5720134,Click,1
2.2115588,2.3671947,3.5794592,Click,1
-2.2272851,-0.2411181,6.4065213,Click,1
-2.0966303,-3.0369318,5.6221056,Click,1
-2.521163,-0.693012,6.6537266,Click,1
4.3730097,8.674424,-0.67521036,Click,1
-3.0684702,-2.2572887,6.572853,Click,1
2.2532651,2.388032,3.5288181,Click,1
-1.8242284,-3.2366977,4.5246077,Click,1
5.8604565,12.811559,9.26952,Click,1
-1.8408136,-0.44991145,5.081075,Click,1
-1.8195888,-0.42709664,5.1085334,Click,1
-1.6107044,-0.78726745,5.9117975,Click,1
1.8345256,10.380231,4.4508076,Click,1
-1.1542861,-0.9517145,6.445266,Click,1
-3.0370073,-2.327707,6.5291266,Click,1
-0.91791356,4.5428014,1.2465596,Click,1
-2.3918571,0.040434532,6.3194194,Click,1
-1.8790131,-1.0353507,7.6526213,Click,1
-1.073154,-1.6312791,6.2004237,Click,1
-2.5119212,-2.4664724,5.6116443,Click,1
-2.829485,-1.803121,4.1019354,Click,1
-1.8702695,-2.7552495,6.3726263,Click,1
2.1844265,5.824042,0.13258609,Click,1
-1.9551913,-2.7946835,5.540197,Click,1
-2.1104243,-0.705479,5.1437182,Click,1
-2.7531543,-1.6089233,3.800822,Click,1
4.3217106,8.650417,-0.67652017,Click,1
-1.8817935,-0.47860944,5.0371065,Click,1
-2.6352015,-1.6393665,4.020726,Click,1
1.8180029,10.383683,4.442374,Click,1
1.8375565,2.261939,4.0912633,Click,1
2.6035028,6.525297,-0.9955899,Click,1
-1.0084872,-0.94853705,6.200455,Click,1
-2.5380127,-1.6172218,7.599691,Click,1
-2.4478617,-0.7032914,6.7743287,Click,1
-2.3984873,-1.3177211,10.16843,Click,1
-2.444987,-0.9379233,7.2223597,Click,1
-1.0056095,-0.9286778,6.4222083,Click,1
-2.0793595,-1.1769301,7.833628,Click,1
0.26015538,4.2561703,1.3585745,Click,1
-1.8778937,-1.5271086,5.7870913,Click,1
1.7976539,10.357683,4.421144,Click,1
-2.157473,-0.18106678,6.083523,Click,1
-2.4208763,-1.0636148,7.4424157,Click,1
-2.148024,-2.9083936,4.1090064,Click,1
1.6344452,2.9315531,3.7413108,Click,1
-1.7694303,-3.2055616,5.3000464,Click,1
-3.1044009,-2.2673793,6.5510535,Click,1
-1.9979175,-0.8318239,7.9662256,Click,1
-3.177988,-1.4442723,2.7232833,Click,1
-1.9944944,-2.6752505,6.711587,Click,1
1.8214983,2.4892533,3.7285185,Click,1
-1.9868076,-2.6814036,4.842911,Click,1
-1.8349372,-3.0260296,4.6391034,Click,1
-2.2959757,-2.8048751,3.878284,Click,1
-1.3686802,-0.9075203,6.5422897,Click,1
-2.3085873,-0.5577091,7.015671,Click,1
-2.5941384,-2.4956906,7.1333776,Click,1
-2.0851178,-3.2215858,5.886292,Click,1
1.586509,2.5913231,3.9383826,Click,1
-2.0985928,-0.3890549,6.0294657,Click,1
5.8876143,12.838701,9.240341,Click,1
-2.572226,-2.43227,3.7116406,Click,1
-1.868737,-3.3437262,5.3385134,Click,1
-2.2488549,-0.7019762,5.604888,Click,1
-1.2497711,-1.2135,6.5287256,Click,1
-2.3513157,-2.8138626,6.4684577,Click,1
-1.0021406,3.7089822,2.6747346,Click,1
-2.7510622,-1.1891588,3.5551817,Click,1
2.186717,5.759141,0.2710887,Click,1
-3.4969718,-1.7164286,1.9052728,Click,1
5.785295,12.761671,9.2788,Click,1
-2.153182,-0.13401915,6.0427594,Click,1
-2.4857419,-1.0912086,7.3457613,Click,1
-1.767215,-3.2716923,4.5338326,Click,1
-1.8286272,-0.45545846,5.2129374,Click,1
-1.5770524,3.0881035,3.8606408,Click,1
-2.148528,-2.7133157,4.267666,Click,1
-2.633868,-1.6511611,7.1944256,Click,1
-2.563279,-1.8333468,7.700081,Click,1
2.4863613,6.98383,-1.5323215,Click,1
1.8613386,4.737859,-0.083072945,Click,1
-1.8385881,-0.46818984,5.112321,Click,1
-2.7025833,-1.3698784,7.103018,Click,1
-1.9751023,-2.2484918,4.905406,Click,1
-1.7651138,-3.130728,4.6201997,Click,1
-2.2608871,-1.9104335,7.5605655,Click,1
-2.183507,-2.8890269,4.188599,Click,1
-2.362677,-2.7242873,3.848352,Click,1
-2.4496934,-1.7199413,7.6675425,Click,1
-2.0372448,-3.2067835,5.7405224,Click,1
-3.0707202,-2.2457268,6.513706,Click,1
-2.7050347,-1.7242643,7.3057966,Click,1
-3.3016114,-1.5947359,2.2445047,Click,1
-1.6781875,-1.9257431,7.9036007,Click,1
-2.9979236,-2.1011662,3.10015,Click,1
2.50399,6.9911475,-1.5123794,Click,1
-2.667671,-0.8668835,6.2926636,Click,1
-1.834343,-0.4252762,5.112476,Click,1
-1.89095,-2.8060875,6.3501897,Click,1
-1.7521433,-0.53465796,5.3503947,Click,1
-1.8786387,-3.3762953,5.4673147,Click,1
1.7951733,10.35765,4.4228063,Click,1
2.1877465,2.262337,3.6471348,Click,1
-1.7910771,-3.228718,4.563258,Click,1
-1.6831312,-2.7113833,6.4889297,Click,1
-2.5480065,-0.8105585,6.587497,Click,1
-3.3705165,-1.9076314,2.201028,Click,1
-1.8332151,-0.60767496,6.063358,Click,1
-0.9314243,4.5690136,1.2523605,Click,1
-3.079826,-2.0628278,2.914,Click,1
-2.5160701,-1.7964125,7.2286944,Click,1
-3.3857322,-1.9358671,2.1633449,Click,1
-2.6225047,-2.5907795,6.921849,Click,1
0.04274652,4.1948185,1.4208694,Click,1
-3.461978,-1.798477,1.975781,Click,1
2.3278425,6.8208084,-1.6812814,Click,1
2.5096571,7.0367484,-1.5394342,Click,1
-0.96898365,3.7405632,2.6354887,Click,1
-1.5979959,-1.7094271,9.166987,Click,1
1.9008405,2.0917747,4.275047,Click,1
-1.6463515,-3.384636,5.964529,Click,1
-1.6816609,-3.400412,5.9435983,Click,1
-0.9744068,3.7342546,2.6340463,Click,1
-2.3698637,-1.1309289,9.981399,Click,1
1.8728735,2.1876147,4.1792912,Click,1
0.3070074,4.271125,1.3420177,Click,1
1.8613275,10.427107,4.486043,Click,1
-0.9113664,4.5853524,1.2105609,Click,1
5.769456,12.762511,9.28717,Click,1
1.8113097,10.370127,4.4337287,Click,1
4.322621,8.612282,-0.648388,Click,1
0.31721762,4.2716103,1.3377072,Click,1
4.386849,8.570062,-0.641029,Click,1
1.8206843,2.8193254,3.6368394,Click,1
5.770945,12.743941,9.306395,Click,1
1.8024057,10.362013,4.4269195,Click,1
4.2934794,8.664483,-0.6468487,Click,1
5.956282,12.760898,9.073889,Click,1
1.811473,10.378422,4.4480624,Click,1
-0.570519,3.60571,1.9124994,Click,1
5.7469974,12.734563,9.34825,Click,1
0.8912719,4.255728,-0.16805677,Click,1
4.3941836,8.582365,-0.68926066,Click,1
-1.366811,-0.35821092,9.370767,Click,1
-1.6513898,-3.3912442,5.9712715,Click,1
2.3804715,6.883075,-1.6385441,Click,1
5.881852,12.730111,9.091376,Click,1
1.8181468,10.382756,4.4533195,Click,1
-0.4300906,4.0166245,1.7016746,Click,1
3.2572706,12.309947,6.386063,Click,1
1.6937535,5.897085,-2.0862417,Click,1
-1.0916293,-0.5530668,9.376684,Click,1
-1.4299953,-0.3885998,9.405509,Click,1
-2.7314975,-2.7046325,6.7502646,Click,1
1.9626645,5.2619643,0.7489673,Click,1
1.9421016,5.2449923,0.7577997,Click,1
2.097018,2.2142382,3.896019,Click,1
5.93013,12.805349,9.1877575,Click,1
1.005035,4.0442405,0.08064895,Click,1
-2.7190962,0.16339715,6.6048884,Click,1
-1.5869961,-0.44877192,9.466699,Click,1
-2.6965766,-1.4758956,7.407802,Click,1
-0.49054372,3.9571977,1.7670861,Click,1
0.984599,4.024492,0.029568464,Click,1
1.7366291,5.946087,-2.066872,Click,1
-0.92658246,4.5963783,1.2124598,Click,1
4.282393,8.69478,-0.6408227,Click,1
1.8220602,10.386241,4.449812,Click,1
-3.5944116,-1.5773039,1.7987152,Click,1
1.4231734,3.1296978,3.6714525,Click,1
-0.601888,-3.4378474,5.9840345,Click,1
1.9202503,5.2387905,0.7584272,Click,1
-0.5910728,3.5229795,1.9824661,Click,1
-0.53168064,3.9610665,1.7594379,Click,1
5.7377577,12.661594,9.078003,Click,1
1.7193481,5.925365,-2.0665145,Click,1
-0.9041693,4.5748215,1.2241448,Click,1
-2.2515712,5.3138614,3.2944434,Click,1
-1.195347,3.6074085,3.0174313,Click,1
-0.50286496,3.9496908,1.7689297,Click,1
1.6491647,2.935136,3.7220702,Click,1
1.6904494,2.3423803,4.1344304,Click,1
1.8558545,4.731474,-0.079425566,Click,1
-0.60985404,-3.4023263,5.9883776,Click,1
-1.5741272,-0.09971008,6.073445,Click,1
-0.46544877,3.8723164,1.8513112,Click,1
2.5574882,7.014903,-1.4531736,Click,1
3.6793962,9.216319,-0.7351857,Click,1
0.88576317,4.2480626,-0.16150573,Click,1
6.010272,12.886629,9.235597,Click,1
-1.7294514,3.765586,3.8130827,Click,1
5.943565,12.892697,9.343361,Click,1
-0.88197094,4.5448904,1.2524762,Click,1
-0.5600999,4.0235405,1.7099768,Click,1
1.6764458,2.9405077,3.7043355,Click,1
-1.55185,-0.86925,8.8724785,Click,1
1.8541753,4.7298045,-0.085674256,Click,1
-2.298874,5.372778,3.3136907,Click,1
-1.7492083,4.012327,3.7083008,Click,1
-0.51329225,3.9207401,1.8057315,Click,1
2.580417,6.966654,-1.3674583,Click,1
5.9028077,12.740943,9.175293,Click,1
5.9435725,12.867751,9.263559,Click,1
-2.2419088,5.302831,3.2764916,Click,1
1.782502,10.330211,4.4051256,Click,1
1.8705595,4.752281,-0.09705145,Click,1
1.2818384,2.2024324,3.8786304,Click,1
-1.4490427,-0.17531998,9.620325,Click,1
-1.4310385,-0.18116763,9.587354,Click,1
1.7048842,5.909875,-2.080833,Click,1
1.3348901,2.2603123,3.8338044,Click,1
-1.5679332,-1.3721516,9.4475765,Click,1
-1.8571368,-1.5663385,5.6678557,Click,1
-0.79657346,-3.2836468,6.0759654,Click,1
-1.4298222,-0.18866561,9.672928,Click,1
-1.5965027,3.2158196,3.8455637,Click,1
1.6399642,2.9520457,3.7427185,Click,1
-0.75593954,-3.3124866,6.0637712,Click,1
-0.6223809,-3.4184341,5.9923496,Click,1
-1.7161181,3.58614,3.874146,Click,1
-0.6033307,3.5161424,1.9704113,Click,1
1.7213867,5.1350064,0.521154,Click,1
-1.2571863,-2.6400151,5.8221574,Click,1
2.060727,2.3353276,3.5543242,Click,1
-1.554187,3.197862,3.7808278,Click,1
1.6229318,2.935374,3.7540646,Click,1
-0.76238364,-3.3090959,6.0646043,Click,1
-0.6374779,-3.4384995,5.9591103,Click,1
-1.4938294,-0.3208419,9.402028,Click,1
-0.5938257,3.4880204,1.9968272,Click,1
-3.3156552,-2.1556847,6.2483244,Click,1
-1.7558372,-2.0713143,6.702452,Click,1
-0.7518576,-1.1262715,11.004084,Click,1
-0.8002996,-1.2299883,11.001446,Click,1
-0.5286593,0.20263499,10.445051,Click,1
-0.5857379,0.7105248,11.113528,Click,1
-0.77251196,0.01533932,11.225974,Click,1
3.2324104,12.290696,6.3635073,Click,1
4.096441,8.859217,-0.6815176,Click,1
0.376108,4.2925086,1.3089008,Click,1
4.3610506,8.626599,-0.6682178,Click,1
-2.2652597,5.3578486,3.28616,Click,1
1.0229533,4.031358,0.06290847,Click,1
-2.2525785,5.3176847,3.2934108,Click,1
3.2280757,12.328888,6.404327,Click,1
3.6652517,9.197976,-0.75713235,Click,1
-1.293963,3.408657,3.3355517,Click,1
4.358782,8.655182,-0.6613329,Click,1
-1.8273476,4.4393377,3.5173423,Click,1
1.8817618,5.1565356,0.4409278,Click,1
-2.2707,5.34038,3.2913866,Click,1
-1.7611222,4.0308223,3.696741,Click,1
-2.7094884,0.13418394,6.6247125,Click,1
-1.6939373,-1.5469714,9.139789,Click,1
4.3161225,8.61792,-0.6846598,Click,1
-2.7398689,0.16389726,6.6088634,Click,1
5.840916,12.786039,9.310414,Click,1
1.7791415,10.340511,4.4029717,Click,1
1.8574445,10.332335,4.3928213,Click,1
5.7725544,12.853941,9.3516655,Click,1
5.8914466,12.861268,9.263244,Click,1
5.773282,12.874015,9.36988,Click,1
-2.3131719,5.381086,3.3225386,Click,1
2.5430212,7.020081,-1.4649811,Click,1
-0.7233625,0.48033583,10.825468,Click,1
-1.7499545,4.010404,3.7027183,Click,1
1.7095639,5.9166293,-2.0782182,Click,1
-3.0162623,-2.2688727,6.5107956,Click,1
4.2781377,8.613628,-0.67115355,Click,1
-2.725189,0.22934629,6.5888505,Click,1
5.943927,12.849693,9.219537,Click,1
1.8138578,10.376319,4.4122405,Click,1
1.8080422,10.360499,4.423786,Click,1
5.77304,12.856034,9.36587,Click,1
5.8820586,12.862897,9.270583,Click,1
5.771887,12.868935,9.356351,Click,1
-2.32202,5.3903074,3.3386264,Click,1
4.399061,8.582196,-0.7362877,Click,1
-1.4595473,-1.3263022,9.371211,Click,1
-1.5457171,-0.31717283,9.495983,Click,1
-1.5064527,-0.32677072,9.485823,Click,1
-1.3831704,-0.3037231,9.699367,Click,1
-1.5240387,-0.3958132,9.490394,Click,1
-1.5668702,-0.66743183,9.103009,Click,1
-1.5915595,-0.82983184,9.061694,Click,1
-3.344939,-1.143122,2.3366985,Click,1
-1.5619931,-0.58646846,9.2280035,Click,1
-1.1014193,-0.9725914,7.9005346,Click,1
-0.75301015,0.13109182,11.263024,Click,1
-0.61630756,-0.08850127,11.234388,Click,1
-0.6466871,-0.16511655,11.189396,Click,1
-1.9068006,-1.7928919,9.880634,Click,1
-1.3984447,3.3378158,3.5314426,Click,1
-0.5554346,3.9398386,1.8001194,Click,1
0.65885454,4.4560556,1.0884413,Click,1
1.8961232,5.280967,0.6868718,Click,1
1.4147749,3.1377685,3.6697474,Click,1
1.5746832,2.99405,3.7832243,Click,1
-1.730983,3.646966,3.867535,Click,1
-0.9865324,3.7199264,2.654654,Click,1
-3.3284674,-2.160886,6.213186,Click,1
-1.5468205,3.2075784,3.7734756,Click,1
-1.3049022,3.216451,3.5047684,Click,1
-1.1766722,3.6169329,2.9834714,Click,1
-1.3695489,3.3653684,3.4752274,Click,1
-0.5246866,3.9571455,1.7908014,Click,1
0.6890278,4.4766917,1.06106,Click,1
2.1468904,5.7376094,0.25699866,Click,1
0.87549406,4.258651,-0.16680007,Click,1
1.6295751,2.9211197,3.7369308,Click,1
4.237949,8.740108,-0.6248979,Click,1
-1.0295049,3.6921816,2.7135012,Click,1
-0.8067108,4.1496506,2.0160105,Click,1
-1.4986078,3.2104282,3.7261412,Click,1
-1.0567834,3.6756654,2.7675085,Click,1
-1.35451,3.3164546,3.497689,Click,1
3.254077,12.305165,6.377331,Click,1
0.99599344,4.0371947,0.06953877,Click,1
1.7522272,4.647988,-0.058829118,Click,1
-1.2159375,3.6270165,3.0387752,Click,1
1.0229577,4.0185366,0.05673733,Click,1
-0.90025085,4.5475326,1.2245253,Click,1
4.212448,8.767734,-0.70611167,Click,1
3.2471116,12.310716,6.37994,Click,1
1.4143887,3.1370971,3.6684291,Click,1
1.0532587,4.0425763,0.050084345,Click,1
-1.8113538,4.6050477,3.4412985,Click,1
0.978691,3.9925742,0.0074649244,Click,1
-0.9012074,4.5653872,1.2291667,Click,1
2.550805,6.9655695,-1.3873794,Click,1
5.95164,12.864355,9.272865,Click,1
1.0134745,4.040064,0.03979973,Click,1
4.1283445,8.806574,-0.6681211,Click,1
1.7581161,2.2939086,4.161763,Click,1
-1.7730716,4.09999,3.676796,Click,1
1.7297587,5.940435,-2.0828662,Click,1
-2.281489,5.3534045,3.2928963,Click,1
-1.9960194,5.0324507,3.288379,Click,1
2.3100426,6.785912,-1.6910698,Click,1
-1.7642192,4.5257277,3.4875672,Click,1
4.340212,8.664345,-0.6526211,Click,1
1.6945664,5.901023,-2.095834,Click,1
-1.2116808,3.626637,3.030694,Click,1
5.9746766,12.845763,9.270136,Click,1
0.8708959,4.2670603,-0.17631814,Click,1
5.739702,12.669211,9.1097145,Click,1
1.7828003,2.297721,4.142284,Click,1
-1.7487402,4.2481756,3.5760138,Click,1
1.7182094,5.9318757,-2.081277,Click,1
-2.28716,5.376104,3.2962973,Click,1
-1.9965938,5.0347204,3.2865443,Click,1
1.7623607,5.976935,-2.0336,Click,1
3.2096808,12.292032,6.3952026,Click,1
4.3592014,8.680581,-0.6752793,Click,1
1.72691,5.9345746,-2.1003306,Click,1
-1.7789925,4.106473,3.6793168,Click,1
1.019973,4.0356526,0.042948913,Click,1
-2.0184314,5.0234313,3.269585,Click,1
-1.5465817,3.1695168,3.7932217,Click,1
1.890273,5.219531,0.73433864,Click,1
4.2695374,8.668158,-0.6599763,Click,1
-1.6389508,-0.45130417,9.383395,Click,1
-2.7144527,0.17550002,6.61238,Click,1
1.7086581,5.1467648,0.48564804,Click,1
2.5927556,7.0864224,-1.4349066,Click,1
-0.9130805,4.5660243,1.2383391,Click,1
-2.7103043,-2.6743796,6.7922816,Click,1
-0.46400708,3.9785845,1.7403375,Click,1
1.7152768,2.288306,4.1883483,Click,1
0.3154137,4.272633,1.3391635,Click,1
1.0351493,4.0129714,0.06722168,Click,1
-1.9766102,5.0187554,3.2780252,Click,1
-1.1615357,3.6113153,2.9703918,Click,1
1.9076985,5.2290893,0.72300154,Click,1
4.1229715,8.787901,-0.65108365,Click,1
-1.6891239,-0.72399694,9.181431,Click,1
-2.691281,0.17191319,6.5773635,Click,1
2.5018928,6.6722517,-1.0097514,Click,1
4.318406,8.633958,-0.6581437,Click,1
-0.9210868,4.582809,1.2480812,Click,1
-2.7763987,-2.6563296,6.7732944,Click,1
-0.34812397,4.0376644,1.6501365,Click,1
2.025541,5.4829497,0.57812697,Click,1
1.4052695,3.152169,3.6557512,Click,1
3.2250693,12.313199,6.37568,Click,1
1.9150853,5.2361827,0.7608995,Click,1
0.34595382,4.272154,1.3474891,Click,1
1.7294699,5.9333014,-2.0477865,Click,1
3.7948995,9.043623,-0.72255063,Click,1
1.7832536,2.3106222,4.161858,Click,1
-0.98130256,3.7141504,2.6577504,Click,1
0.9988947,4.063618,0.023125282,Click,1
0.0077980687,4.208747,1.3605694,Click,1
-0.0031454575,4.1974983,1.3969947,Click,1
0.6677785,4.149843,0.5438549,Click,1
-0.9428229,4.6122556,1.1986284,Click,1
1.8693008,4.743991,-0.12585133,Click,1
1.6313322,2.9478188,3.7367616,Click,1
-1.3429387,-1.3010043,7.547657,Click,1
-0.57352966,3.6093495,1.9199682,Click,1
-0.9183121,3.7871819,2.5482914,Click,1
5.9710436,12.892493,9.2681675,Click,1
-2.2128017,5.276374,3.288601,Click,1
1.8885736,4.768209,-0.1198177,Click,1
1.6108102,2.9674063,3.7292502,Click,1
-1.871105,-0.04738529,6.0621715,Click,1
5.879177,12.731951,9.129585,Click,1
5.7875457,12.675542,9.084053,Click,1
4.364634,8.591034,-0.6255229,Click,1
1.787695,10.329099,4.413152,Click,1
-2.2645764,5.335318,3.2981117,Click,1
5.866323,12.751843,9.170893,Click,1
5.773345,12.674503,9.07874,Click,1
1.9509448,5.2864714,0.7375143,Click,1
1.8091315,10.360377,4.425924,Click,1
-2.2732475,5.3450794,3.2972176,Click,1
2.0473564,5.579423,0.4094509,Click,1
-1.4594772,-0.24391751,9.622642,Click,1
-1.7036426,3.5438082,3.8731794,Click,1
-2.3116536,5.3883395,3.3223011,Click,1
-1.1436977,-0.3547091,9.688678,Click,1
-0.62951314,-3.4119244,6.0016613,Click,1
-1.7575544,-1.47675,8.639207,Click,1
-3.2994561,-2.1412039,6.269832,Click,1
-0.61969495,-3.3973196,6.0121627,Click,1
-0.7277184,-3.3413727,6.057939,Click,1
-1.4707197,-0.49200663,9.319446,Click,1
-1.5222696,-0.2998923,9.566319,Click,1
-2.3615558,-1.2004895,10.397795,Click,1
0.8557592,4.148966,0.061500818,Click,1
-1.3733224,-0.7607716,9.126442,Click,1
-1.6345608,3.3270218,3.855835,Click,1
-2.3232253,5.40075,3.3374763,Click,1
-1.1310729,-0.3662476,9.516823,Click,1
-0.6204124,-3.4148338,5.998293,Click,1
-1.6632133,-0.4608985,9.551931,Click,1
1.0473837,3.9963646,0.0713745,Click,1
-0.61496687,-3.42003,5.9989934,Click,1
-1.7132016,3.578101,3.874528,Click,1
-0.78587145,-3.2975664,6.082567,Click,1
-1.6718377,-1.4108022,8.852601,Click,1
-1.7317415,-1.4557283,9.021915,Click,1
1.7019414,5.9087653,-2.0864568,Click,1
-1.0392667,3.6884918,2.7432048,Click,1
1.8678421,4.7393317,-0.11097968,Click,1
4.3541718,8.578881,-0.7129209,Click,1
-1.5632651,-0.27897137,9.577388,Click,1
1.9300098,5.2502794,0.74192476,Click,1
-0.9548233,3.738672,2.597425,Click,1
1.8562527,4.7358537,-0.086630285,Click,1
-0.98741776,3.704385,2.6562514,Click,1
1.7050658,5.9070745,-2.0732849,Click,1
4.408189,8.577015,-0.68308264,Click,1
-1.7027231,-0.3653515,9.610083,Click,1
1.9194247,5.238949,0.74843705,Click,1
-0.9549935,3.7457075,2.611045,Click,1
5.7302184,12.703996,9.17459,Click,1
-1.9872303,5.0361495,3.2644718,Click,1
5.7419667,12.680588,9.141617,Click,1
1.0225675,4.0182595,0.0555155,Click,1
1.20008,2.1651444,3.8851292,Click,1
-1.7468709,4.009531,3.7081857,Click,1
-1.7608413,4.31404,3.536301,Click,1
-0.49764138,3.9600828,1.7642524,Click,1
4.273226,8.6473675,-0.7074173,Click,1
1.4604285,3.0997562,3.700405,Click,1
5.957005,12.896587,9.29387,Click,1
1.7150681,5.9186974,-2.0690217,Click,1
-2.167523,5.2284884,3.276917,Click,1
5.7623415,12.713759,9.191259,Click,1
-1.970229,5.015086,3.27531,Click,1
5.718319,12.674416,9.149589,Click,1
1.0226249,4.014766,0.05545533,Click,1
1.271612,2.2294688,3.858824,Click,1
-1.7468812,4.0367265,3.7268345,Click,1
-1.767174,4.310241,3.5441246,Click,1
-0.008794264,4.184698,1.4310315,Click,1
4.20996,8.7366,-0.67366546,Click,1
1.4144276,3.134673,3.674318,Click,1
5.982789,12.893932,9.2787895,Click,1
2.2978024,6.7422967,-1.6828825,Click,1
-1.9942777,5.036538,3.2869413,Click,1
-0.492125,-0.09851208,10.971097,BP,2
-0.89492553,-0.093814,11.413706,BP,2
-1.2199683,-1.4334497,10.855297,BP,2
-0.54096645,-1.37469,10.917483,BP,2
-0.73404545,-1.5173715,10.9178095,BP,2
-1.099685,-1.8393707,10.539986,BP,2
-0.49795565,-1.2418387,10.824075,BP,2
-1.0596097,-1.5317384,10.855121,BP,2
-1.7399613,-1.7739708,9.965196,BP,2
-1.6824386,-2.1246414,8.68277,BP,2
-1.3384484,-2.5772727,9.5078335,BP,2
-1.3487333,-2.583321,9.391882,BP,2
2.1112764,5.7019553,0.31327724,BP,2
-1.3032665,-2.5093327,9.704054,BP,2
2.0411527,5.521871,0.50447243,BP,2
-1.3144388,-2.5807807,9.557384,BP,2
-0.63526046,-1.2058246,9.891333,BP,2
-0.5237433,-1.2000899,10.184429,BP,2
-1.6986398,-1.4453146,8.835574,BP,2
-1.2164619,-2.5340343,9.691848,BP,2
-0.9912431,-1.7687848,10.670157,BP,2
-1.5893346,-2.6391068,6.1942573,BP,2
-1.0608851,-2.5194883,8.858053,BP,2
-1.0345007,-2.805334,9.530765,BP,2
-1.6289243,-2.0592954,9.656058,BP,2
-1.1412346,-3.1809466,9.792164,BP,2
-1.0189549,-2.8879404,9.607195,BP,2
3.264338,12.29761,6.3548245,BP,2
-1.6602423,-1.5982496,7.860961,BP,2
-1.8052946,-1.9186287,8.704771,BP,2
-0.3821663,-1.2893019,10.023453,BP,2
-0.23235041,-1.4448477,10.765213,BP,2
-0.8085163,-1.4100436,10.972256,BP,2
2.167395,2.2324078,3.7467043,BP,2
-1.0103358,-1.4865385,9.59461,BP,2
-1.1900985,-1.6155301,10.750515,BP,2
2.0675159,5.6304655,0.38314205,BP,2
-1.2553581,-2.6436293,9.437264,BP,2
2.5846102,6.899182,-1.2776926,BP,2
-1.762706,-0.7971205,10.996733,BP,2
2.0228226,5.4652557,0.5815227,BP,2
2.01144,5.437846,0.6097878,BP,2
7.730905,14.136768,9.214087,BP,2
-1.4448886,-1.9664032,6.8389416,BP,2
6.3612084,13.0637045,9.164159,BP,2
-2.9959126,-1.9863892,3.4502966,BP,2
-1.2230859,-1.5143741,10.606616,BP,2
-1.3878077,-1.9784296,9.170648,BP,2
2.1539297,5.750873,0.19042967,BP,2
-1.6956528,-2.040097,8.840877,BP,2
-2.1768103,-1.71536,5.563429,BP,2
2.0844524,5.611957,0.4436758,BP,2
-0.9848026,-1.4566257,9.667705,BP,2
-0.45869434,0.5361723,10.658428,BP,2
-2.47105,-1.1337054,10.567182,BP,2
3.6080518,9.05438,-0.70760685,BP,2
-1.1538092,-1.5386534,10.733488,BP,2
-0.33177274,-1.181958,10.703461,BP,2
-2.1181915,-1.3809959,10.433347,BP,2
3.2695215,12.280906,6.350734,BP,2
-1.5609957,-1.623791,9.48755,BP,2
-0.4165685,-1.2490151,10.256547,BP,2
-2.3249705,-1.3612384,10.12229,BP,2
6.1269355,12.83108,8.937634,BP,2
-2.4633086,-1.2117674,10.173477,BP,2
6.371501,13.062589,9.1551695,BP,2
-1.6107517,-1.6219214,7.938264,BP,2
-0.46525532,-0.897942,9.723697,BP,2
-0.7453131,-1.4259684,10.765844,BP,2
-0.41002247,-1.4753276,10.216373,BP,2
-0.42393103,-1.4813068,10.7004795,BP,2
-1.1178813,-1.4579414,7.617644,BP,2
-0.46830308,-1.548565,10.141934,BP,2
-0.22900453,-1.464079,10.689812,BP,2
-0.45704374,-1.4980364,10.741504,BP,2
6.1328497,12.770321,8.808922,BP,2
-1.9076079,-0.92871016,10.831084,BP,2
6.173208,12.841116,8.900917,BP,2
-1.7839857,-1.294735,10.601855,BP,2
6.214112,12.890139,8.878296,BP,2
-1.9004424,-1.2864739,10.376691,BP,2
-0.6702327,-1.1860386,9.391654,BP,2
-0.919096,-1.6961939,9.514631,BP,2
-1.7588384,-1.813464,10.037121,BP,2
-0.47866213,-1.3714721,10.007349,BP,2
-0.79526967,-1.7852615,10.619948,BP,2
-1.8160224,-1.7390758,9.949894,BP,2
-1.4520308,-2.4913607,6.2862344,BP,2
-1.0482278,-2.6491907,9.972086,BP,2
-1.2491121,-1.6109518,10.729771,BP,2
-1.0617195,-2.548915,8.892732,BP,2
-0.9934635,-2.8132613,9.620587,BP,2
-0.9818505,-2.601538,9.904379,BP,2
-3.3174336,-1.0577861,2.4310415,BP,2
-1.0510097,-2.6905146,9.235458,BP,2
-1.3418908,-2.5363967,9.526305,BP,2
-0.4428102,-0.15615395,9.756051,BP,2
-0.59784496,-0.053526822,10.869573,BP,2
-0.6284038,0.19571124,10.8126955,BP,2
-0.30852777,-1.079804,10.6891985,BP,2
-0.31284884,-1.2492331,10.814489,BP,2
-0.24800175,-1.3575228,10.813219,BP,2
-0.29193577,-1.2009673,10.415833,BP,2
-0.45323303,-1.355322,10.78151,BP,2
-0.34844115,-1.5238459,10.821992,BP,2
-0.26472336,-1.3953847,10.706353,BP,2
-1.9446671,-1.4915413,10.508605,BP,2
-0.20979391,-1.4253632,10.718462,BP,2
-1.9403238,-1.3942782,10.502553,BP,2
2.1156495,5.6753616,0.35437053,BP,2
2.0699348,2.1716313,3.9938426,BP,2
-2.776681,-2.6592329,6.3418555,BP,2
-0.572548,-1.3689141,10.108323,BP,2
-1.3921407,-2.4892657,9.946836,BP,2
-1.4762301,-2.1917806,8.066025,BP,2
-0.2809881,-1.2248468,10.561676,BP,2
1.9847711,5.4025216,0.5941726,BP,2
1.8621333,10.418989,4.4744463,BP,2
5.8989024,12.84314,9.2478485,BP,2
-2.1586194,-1.2932348,10.499666,BP,2
-0.82584304,-1.714269,10.773383,BP,2
-1.2026588,-2.1139257,8.218078,BP,2
-1.337899,-1.9841813,8.830325,BP,2
-1.7482831,-1.9134138,7.8858156,BP,2
-1.4717923,-1.8576286,7.7622786,BP,2
-1.182896,-2.592438,9.153121,BP,2
-1.0587953,-2.0955122,9.047164,BP,2
-0.7815616,-1.9620662,10.005957,BP,2
-0.7431019,-1.8266399,10.484917,BP,2
-0.6718326,-1.7317358,10.71153,BP,2
-1.0349668,-1.4926249,7.7728133,BP,2
-1.0845791,-2.562018,9.623178,BP,2
-0.7178514,-1.7296478,10.079749,BP,2
-0.53306526,-1.6933099,10.410482,BP,2
-1.6418589,-1.7574618,10.0253935,BP,2
-1.5475689,-1.9085371,7.9085875,BP,2
-1.5148187,-2.275005,6.6587505,BP,2
-1.9160209,-1.6904246,8.793669,BP,2
-2.1336353,-1.7241579,5.206465,BP,2
-2.3035717,-1.5810643,4.8613358,BP,2
-0.6221931,-1.8012162,10.225031,BP,2
-0.24571748,-1.5020115,10.708481,BP,2
-1.5199482,-1.6591401,9.974506,BP,2
-1.1766328,-1.777472,7.494955,BP,2
-1.2472123,-1.7837994,7.158998,BP,2
-2.4795754,-2.4861686,7.0149455,BP,2
-0.8941714,-1.2081621,7.913446,BP,2
-1.4806412,-1.783373,7.8569055,BP,2
-1.7436506,-2.5394382,6.0707397,BP,2
-1.8256499,-1.6367052,10.313481,BP,2
6.1282167,12.866998,9.036919,BP,2
-1.4136785,-0.71486336,8.8864975,BP,2
-1.858484,-1.2897899,10.147587,BP,2
-1.4215224,-2.1252851,6.698844,BP,2
-1.3696914,-2.258607,7.4473658,BP,2
-1.3388258,-2.117825,9.051142,BP,2
-0.6310505,-1.0073916,10.681182,BP,2
-0.6828586,0.24702254,10.735728,BP,2
-2.2433612,-1.2827325,10.518869,BP,2
-0.5113934,-0.5132798,9.540756,BP,2
-0.4847367,-1.2365217,10.105836,BP,2
-1.112149,-2.5694997,9.748215,BP,2
-1.0546831,-2.7385538,9.503332,BP,2
-0.9381854,-2.5843756,9.935673,BP,2
-0.6119412,-1.6001931,10.846632,BP,2
-1.1252184,-2.2565703,10.143347,BP,2
-1.0011929,-2.5250132,9.058894,BP,2
4.2225647,8.789452,-0.6152349,BP,2
-1.1179736,-2.7753193,9.434552,BP,2
-1.0693141,-2.754034,9.425829,BP,2
-0.97207004,-2.7386339,9.659692,BP,2
-0.7563548,-1.905697,10.433256,BP,2
-1.8026994,-1.7474318,9.947222,BP,2
-2.1381602,-1.7702508,5.1191487,BP,2
0.9030985,4.149284,-0.06762366,BP,2
7.1134157,13.612594,9.21987,BP,2
6.590408,13.236497,9.209813,BP,2
-2.4302304,-2.164241,4.71715,BP,2
2.619697,6.849286,-1.236461,BP,2
-1.2184153,-1.7403339,7.6451993,BP,2
-0.49139914,-1.4516121,9.874116,BP,2
-0.44057468,-1.4877274,10.055297,BP,2
2.6405575,6.8205814,-1.2546079,BP,2
-3.2544088,-1.5012039,2.4383843,BP,2
-0.97259444,-1.2872347,7.667954,BP,2
-0.9516775,-1.1004132,7.7945843,BP,2
6.0681243,12.790381,8.957618,BP,2
-1.3077898,-0.24518405,9.533085,BP,2
-1.1978129,-0.3697134,11.227446,BP,2
3.2787745,12.244358,6.311867,BP,2
-0.24845414,-1.4300864,10.77779,BP,2
-0.995862,-1.5259933,10.865418,BP,2
3.584497,9.170819,-0.72950184,BP,2
-0.42997646,-1.3967361,10.594824,BP,2
-1.6797299,-1.2635627,10.626515,BP,2
2.1590085,5.645107,0.05789617,BP,2
3.5960274,9.225852,-0.7661914,BP,2
-0.48851192,-0.9093108,10.73304,BP,2
-1.8361124,-1.453725,10.608702,BP,2
4.112574,8.853913,-0.6849713,BP,2
-0.28621358,-1.1373874,10.576747,BP,2
-1.7452961,-1.4019,10.645679,BP,2
2.1283746,10.815294,4.73963,BP,2
7.732244,14.141278,9.1806555,BP,2
2.6430354,6.9535537,-1.251793,BP,2
-1.4476423,-2.0106542,6.494359,BP,2
2.72969,7.124165,-1.2322465,BP,2
-1.8641442,-1.4381404,10.549233,BP,2
3.5379298,9.32655,-0.81481475,BP,2
-0.82114226,-1.320084,7.966253,BP,2
2.7247212,7.0958514,-1.2093008,BP,2
2.650328,7.025714,-1.2762945,BP,2
-1.8581575,-1.598665,9.503701,BP,2
7.7385707,14.146634,9.180666,BP,2
-0.91107893,4.5883584,1.2070236,BP,2
-1.4304051,-2.1155407,8.936381,BP,2
6.1770344,13.002702,9.275743,BP,2
6.7512865,13.351079,9.212549,BP,2
-1.6027492,-2.0311828,6.3478656,BP,2
6.7814484,13.375659,9.208548,BP,2
-2.9748573,-2.121615,3.6088824,BP,2
-1.7785007,-1.9392025,9.789718,BP,2
-0.2440047,-1.1807563,10.586796,BP,2
-0.6672642,-1.6984569,10.756739,BP,2
-0.7933594,-2.0920835,9.55631,BP,2
-0.95282024,-2.5552595,9.919205,BP,2
-0.7648576,-1.1524327,8.225815,BP,2
-0.80993617,-1.5744321,9.721622,BP,2
-1.431741,-1.7702035,8.759278,BP,2
-1.9461777,-2.2083085,5.782702,BP,2
-1.4131194,-1.8712045,9.073979,BP,2
-0.6808743,-1.2460989,10.532368,BP,2
-0.90158415,-1.5771604,10.121659,BP,2
-1.8799678,-1.5616074,10.347681,BP,2
2.0306473,5.4972386,0.55186313,BP,2
-1.056433,-1.0296643,11.196606,BP,2
-1.8261949,-1.8529961,10.130673,BP,2
1.8205116,10.3874445,4.44866,BP,2
-0.41775343,-1.4678768,10.075715,BP,2
-0.2449402,-1.5351288,10.749329,BP,2
-1.9157082,-1.4226377,10.324226,BP,2
-1.2687775,-0.14964013,9.603422,BP,2
-0.60363245,0.16920847,10.738551,BP,2
-2.444442,-1.2320395,10.08326,BP,2
-0.2554268,-1.1604481,10.623049,BP,2
-0.81655157,-1.3375428,10.677263,BP,2
-0.2795598,-1.274748,10.6807165,BP,2
-0.669123,-1.2919291,10.632275,BP,2
-0.50249285,0.6916282,10.86105,BP,2
-0.5889917,0.63302827,10.720467,BP,2
-1.9851213,-1.003217,10.353815,BP,2
-1.7030648,-1.4482182,8.850141,BP,2
-0.8070059,0.22287273,10.777386,BP,2
-2.3968894,-1.0950816,10.594195,BP,2
-1.5832146,-1.9668145,8.655532,BP,2
-2.388683,-1.1680571,9.972551,BP,2
-0.5327791,0.21768607,10.263499,BP,2
-0.9804969,-0.05192926,11.4141035,BP,2
-0.5400049,-1.01787,10.683548,BP,2
-0.6953819,-0.17824233,11.176252,BP,2
-0.45583624,0.5047537,10.567455,BP,2
-0.8051246,0.33822533,11.4057045,BP,2
-1.0544713,-0.20643121,11.339613,BP,2
-0.8263139,-0.4716851,10.851363,BP,2
-0.8046081,-0.65681654,11.271371,BP,2
-1.1432016,-0.7041834,11.30799,BP,2
-0.82405305,0.29421738,11.430247,BP,2
-1.2886995,-0.3342189,11.328867,BP,2
-1.3114386,-0.79261935,7.402619,BP,2
-0.8064234,0.30360228,10.738122,BP,2
-0.9223211,-0.39685893,11.375033,BP,2
-1.4145339,-2.533888,9.933563,BP,2
-0.66365856,0.26759693,10.712846,BP,2
-0.84077567,0.37415996,11.333365,BP,2
-0.5661315,-0.3452894,9.707193,BP,2
-0.57128745,-0.13356768,10.924702,BP,2
-1.0833843,-0.7049272,11.323015,BP,2
-1.777048,-2.0293846,10.056517,BP,2
3.2914617,12.272258,6.34493,BP,2
-0.59629494,-0.14653999,10.90904,BP,2
-1.3244228,-1.1753738,11.014069,BP,2
-0.7255357,-0.038758047,10.214065,BP,2
-1.4473653,-1.6609678,6.4752607,BP,2
3.1391373,7.6857834,-1.0475427,BP,2
-1.2181841,-0.25871557,11.361723,BP,2
-0.49378565,0.120949455,10.11103,BP,2
-0.48043403,0.63989687,10.783676,BP,2
-0.8907894,0.2115334,11.317189,BP,2
-0.563362,0.6914186,10.957075,BP,2
-2.0954332,-1.3257074,8.20224,BP,2
3.130879,7.6430006,-1.058205,BP,2
-0.840214,0.32141075,11.403951,BP,2
-0.535163,-1.0214813,9.782453,BP,2
-3.0027783,-2.025724,3.417847,BP,2
-0.51594335,0.38794428,10.42191,BP,2
-0.87428904,0.04109797,11.197224,BP,2
-0.7248005,-0.5971782,11.214533,BP,2
-1.0086687,-1.4851214,11.002704,BP,2
-0.47767365,0.6953521,10.834192,BP,2
-0.7114402,0.5495666,11.270023,BP,2
-0.79911387,0.26250595,11.476376,BP,2
-0.77419823,-0.25168106,11.109345,BP,2
-0.5786036,-1.569697,10.193117,BP,2
-0.68062395,-0.97586125,10.835433,BP,2
-1.0206556,-1.1835393,11.072441,BP,2
-1.2130682,-0.74188024,11.297426,BP,2
-0.4835742,0.3282762,10.351971,BP,2
-0.55597204,0.7440549,11.082225,BP,2
-0.8620215,0.3133771,11.373736,BP,2
-1.3273423,-0.37536228,11.341371,BP,2
-1.3466272,-0.19549298,9.580745,BP,2
-0.60153264,0.7204581,10.965535,BP,2
-0.8136855,-0.37329152,10.478084,BP,2
-2.423414,-1.3215001,10.062005,BP,2
-1.4422655,-1.904788,6.53424,BP,2
-0.48176888,-0.17568699,9.681508,BP,2
-1.6371493,-1.7548448,8.53275,BP,2
-1.5619054,-1.8424766,7.8897014,BP,2
6.1266885,12.774639,8.803377,BP,2
-2.4969163,-1.1222227,10.529663,BP,2
6.0883846,12.781172,8.815862,BP,2
-2.5180542,-1.1730102,10.403443,BP,2
6.157467,12.832556,8.887823,BP,2
-0.24371421,-1.3643243,10.819613,BP,2
-0.64081955,-1.2905755,10.696651,BP,2
3.2754633,12.054283,6.0920973,BP,2
-0.28100666,-1.3694539,10.829859,BP,2
-1.0418711,-1.4626666,10.643961,BP,2
-0.376324,0.26326287,10.065655,BP,2
-0.76656014,0.36553475,11.464531,BP,2
-1.8740185,-1.0715865,10.772194,BP,2
6.0687313,12.8045635,8.963657,BP,2
-2.367272,-1.142872,9.946211,BP,2
-1.8740578,-1.5144657,5.735209,BP,2
-0.89071864,-0.6339143,9.475803,BP,2
-2.2799664,-1.2498589,10.406856,BP,2
-0.59018946,0.042182155,10.586433,BP,2
-1.7798432,-1.0964087,10.743203,BP,2
-0.6251712,-1.0780693,9.906549,BP,2
-1.8407809,-1.1589438,10.680357,BP,2
2.139919,5.76368,0.20830074,BP,2
-0.5797945,-1.0505399,9.662573,BP,2
-0.89255744,-0.98186564,10.491676,BP,2
-0.5903316,-0.59588027,10.840368,BP,2
-0.6083096,-0.0044447114,10.723754,BP,2
-2.387874,-1.3018057,10.132758,BP,2
2.2198794,5.870932,0.10602298,BP,2
-1.6256694,-2.0052319,6.6029725,BP,2
-1.6970285,-1.6953739,8.005814,BP,2
-1.4959717,-1.7741585,8.601171,BP,2
-1.4300852,-0.595848,9.11145,BP,2
-1.8009496,-1.5915866,7.9078574,BP,2
2.9724233,7.4592323,-1.115639,BP,2
-0.8351397,0.28205776,11.468697,BP,2
-1.5236077,-1.3571869,10.66425,BP,2
2.974126,7.4554377,-1.1174785,BP,2
-0.85295177,-0.11595509,11.367882,BP,2
-1.8871005,-1.7409259,9.915877,BP,2
-0.5899147,0.7185227,10.972668,BP,2
-0.6759552,0.6845497,11.018035,BP,2
-1.509192,-0.49491656,11.227536,BP,2
-1.3881223,-0.23774534,9.466411,BP,2
-1.4797169,-0.052664477,9.698938,BP,2
-2.1754954,-0.9914703,10.422973,BP,2
1.8929635,2.0444512,4.35977,BP,2
-2.3857195,-1.3343458,10.1432705,BP,2
1.9287891,2.0780618,4.282486,BP,2
-2.3593752,-1.3638145,9.771099,BP,2
-0.45728308,0.563005,10.630383,BP,2
-0.5808124,0.70979166,11.093666,BP,2
-2.5106487,-1.1643226,10.539942,BP,2
-0.4959953,-0.42396078,9.621505,BP,2
-2.3460064,-1.3452772,10.250539,BP,2
-0.457866,-0.11847353,9.7964735,BP,2
-2.3538876,-1.4031042,9.846198,BP,2
-0.7173107,-0.0833654,10.748539,BP,2
-0.79873353,0.25307894,11.382894,BP,2
-2.3392308,-1.1911309,10.49816,BP,2
2.9429698,7.428429,-1.1541454,BP,2
-0.90330905,0.07291708,10.750779,BP,2
-2.4472768,-1.1777823,10.541362,BP,2
-1.8332226,-1.8025222,5.9824862,BP,2
-1.8189343,-1.6589482,8.354118,BP,2
-0.5231546,-0.46260616,9.429943,BP,2
-2.0951571,-1.6310452,9.079788,BP,2
-0.8210943,-0.726652,10.286226,BP,2
-0.9473484,0.130152,11.163521,BP,2
-2.3046913,-1.3555738,9.647152,BP,2
3.3165433,12.102095,6.176298,BP,2
-1.1430824,-0.16804467,11.447634,BP,2
1.9225839,2.0646508,4.3111415,BP,2
-0.8153075,0.2772709,11.472587,BP,2
-2.2068508,-1.3540375,10.510191,BP,2
-1.8916392,-1.7344702,10.2046385,BP,2
-1.7135469,-1.9773512,9.897403,BP,2
-1.6741669,-1.9923584,9.950933,BP,2
-1.0547822,-0.42928854,11.213206,BP,2
-1.029398,-1.2933747,11.14851,BP,2
-0.47290283,0.4981319,10.581478,BP,2
-2.4541268,-1.1374719,10.573451,BP,2
-0.4710175,-0.046695784,9.854365,BP,2
-2.4452927,-1.2412963,10.295919,BP,2
-0.89756817,-0.30587602,11.3549795,BP,2
-2.0602171,-1.6607496,9.215802,BP,2
-0.61718404,-1.2415223,9.916882,BP,2
-0.8699397,-1.2071139,11.033846,BP,2
-1.1271777,-1.3831806,11.028293,BP,2
-0.5645796,-0.6707414,10.966733,BP,2
-0.72887975,-1.1318967,11.07158,BP,2
-0.7780399,-1.0427086,11.161523,BP,2
-3.0543497,-1.9901189,3.2465053,BP,2
-1.3045324,-2.4401443,10.000775,BP,2
-1.3943982,-2.4819007,9.901814,BP,2
-1.3174603,-2.1569474,9.178306,BP,2
-1.3197198,-2.4316096,9.836465,BP,2
-0.92336804,-2.0731268,10.101506,BP,2
-0.594219,0.5903955,10.50854,BP,2
-0.6808549,0.64563155,11.005611,BP,2
-0.42850488,-0.044748805,9.764165,BP,2
-1.5179218,-0.2869214,9.51805,BP,2
-0.4403719,0.5300795,10.556094,BP,2
-0.7605576,0.37549984,11.456858,BP,2
-1.3331795,-1.2800539,10.691025,BP,2
-0.40418923,0.06278392,9.82158,BP,2
-0.72863096,0.5484947,11.1979065,BP,2
-1.9921117,-1.6759064,9.570379,BP,2
6.1679225,12.838153,8.89022,BP,2
-0.85096544,-0.5436211,10.932985,BP,2
-0.438421,-0.015861224,9.880322,BP,2
-0.64422774,0.026281653,10.913372,BP,2
-0.6812197,0.29288304,10.700299,BP,2
-0.79266864,-0.40416783,10.448607,BP,2
-0.5093179,0.7406184,10.946981,BP,2
-0.5370757,0.7076264,11.0628605,BP,2
6.392001,13.045659,9.088937,BP,2
-1.6899179,-1.4612395,9.27238,BP,2
6.136021,12.850649,8.977629,BP,2
-1.2058271,-1.2981591,10.6915455,BP,2
-0.4792208,-0.7556113,10.713203,BP,2
-0.8844599,-1.7775917,10.175606,BP,2
-0.5394143,-0.061290435,11.070635,BP,2
-0.61692613,-0.017926635,11.264125,BP,2
-1.0635916,-0.12067845,9.79714,BP,2
-1.0376537,-0.2659616,9.621575,BP,2
-2.0137954,-0.9040947,10.328184,BP,2
2.140396,2.1783178,3.8526018,BP,2
-0.43235072,0.07477291,10.251131,BP,2
-0.5758215,0.48051322,10.790357,BP,2
-1.1523535,-0.065601945,11.425714,BP,2
-0.9289455,-0.49267247,10.23848,BP,2
-1.6230363,-0.65683985,11.122585,BP,2
2.0234075,5.4979224,0.54625595,BP,2
-0.61134624,0.16809413,10.277919,BP,2
-2.4804757,-1.1760151,10.155087,BP,2
-2.5709581,-2.2679472,4.232501,BP,2
-1.9172096,-1.06472,10.6801,BP,2
-0.3614094,0.28179857,10.049644,BP,2
2.9841244,7.475112,-1.1163658,BP,2
-0.3706571,0.2953603,10.101243,BP,2
1.9249685,2.0695517,4.3039412,BP,2
-0.58606654,0.7212408,11.046458,BP,2
-0.7400683,0.5187752,11.2522335,BP,2
-0.38202417,0.073402315,9.840419,BP,2
-0.55077684,0.79698354,11.125844,BP,2
-1.2463585,-0.2120647,11.410718,BP,2
3.2937112,12.096506,6.153429,BP,2
-0.6578666,0.6058767,11.24563,BP,2
-2.3876913,-1.0981605,10.59639,BP,2
-0.5829145,0.7411741,11.125023,BP,2
-1.1678551,-0.11050405,11.420992,BP,2
-2.3693182,-1.1976429,10.451243,BP,2
-0.7860466,-0.0042178733,11.245574,BP,2
-0.8445377,-0.21923137,11.033488,BP,2
-2.2436812,-1.3340168,10.494054,BP,2
6.053272,12.962226,9.32206,BP,2
-1.6456888,-2.078874,6.0175347,BP,2
-1.4811329,-2.0439622,6.5012856,BP,2
-1.7476091,-1.8153683,5.8489857,BP,2
3.609793,9.156728,-0.801789,BP,2
-1.4397469,-1.7762972,6.628215,BP,2
2.210442,2.2865517,3.6941319,BP,2
-1.5429876,-1.8870713,7.673276,BP,2
2.185021,2.2811432,3.7456172,BP,2
-1.5124261,-1.749922,6.399088,BP,2
6.3249903,13.046613,9.169836,BP,2
-1.3697975,-1.712534,7.0931635,BP,2
2.1481795,5.8043056,0.2110613,BP,2
-2.7635164,-1.6579143,3.4213254,BP,2
2.0908606,2.2830033,3.8106122,BP,2
-3.4627843,-1.7969236,2.0468862,BP,2
-1.4251846,-1.9340178,6.471324,BP,2
2.299604,2.2433052,3.7136853,BP,2
-2.1420877,-1.1938558,10.580686,BP,2
3.5595727,9.265987,-0.77507734,BP,2
-2.0649502,-1.6831081,9.198909,BP,2
-2.0573137,-1.8280611,5.2912874,BP,2
-1.2417161,-2.1062224,7.8851357,BP,2
-2.6376944,-2.078178,4.193342,BP,2
-2.2349834,-1.6687578,4.9374247,BP,2
-1.481071,-2.1257675,7.2310843,BP,2
14.837327,4.44698,10.183116,BP,2
6.4681745,13.154873,9.229838,BP,2
6.9742856,13.4800205,9.205976,BP,2
-2.7095227,-1.8868861,4.282291,BP,2
7.715536,14.123842,9.203539,BP,2
14.2673855,2.3526332,10.671065,BP,2
3.6438506,12.456411,6.722495,BP,2
6.09043,12.819445,8.968283,BP,2
-0.60367566,0.27294424,10.607982,BP,2
3.2608702,12.289281,6.3568506,BP,2
-1.396913,-0.2918466,9.551492,BP,2
7.7323937,14.139723,9.189646,BP,2
7.0960555,13.597598,9.219934,BP,2
-1.4507691,-1.8068491,8.814231,BP,2
-1.9377247,-2.3186917,5.4830995,BP,2
2.1223695,5.7272787,0.24295081,BP,2
-2.3928666,-1.300416,10.234743,BP,2
-2.9784443,-1.8935198,3.398983,BP,2
-1.40133,-1.8587955,6.66129,BP,2
6.4087024,13.109726,9.223635,BP,2
-1.3452939,-1.8893294,6.4275365,BP,2
6.420523,13.116147,9.240959,BP,2
-1.4907871,-1.7632048,6.261017,BP,2
-2.6952786,-2.029256,4.242349,BP,2
-0.54632866,-0.331877,9.628854,BP,2
6.4347925,13.116046,9.196249,BP,2
3.3065786,12.307897,6.4063325,BP,2
-1.6873617,-1.4103478,8.825411,BP,2
-1.77232,-1.151449,9.26222,BP,2
2.2140884,2.1356997,3.8919282,BP,2
-0.77449614,0.3834836,10.7335615,BP,2
3.5571513,9.272293,-0.7748518,BP,2
-1.2225032,-1.0711868,7.780131,BP,2
-1.8234841,-1.7084378,9.931676,BP,2
-3.1016366,-2.0497174,2.9346714,BP,2
-3.5549765,-1.6303585,1.773732,Noise,3
2.2171106,5.8564444,0.18269998,Noise,3
14.538609,5.2370825,10.0255995,Noise,3
-3.0399365,-2.0901098,2.9631348,Noise,3
14.553889,5.2190275,10.032621,Noise,3
-3.3318958,-1.520714,2.2243798,Noise,3
-3.4039395,-1.8352267,2.1256576,Noise,3
3.212523,11.167474,-1.2266122,Noise,3
14.519414,2.898273,10.665663,Noise,3
-3.4410927,-1.6289796,2.0625453,Noise,3
-3.3944693,-1.3645592,2.2017994,Noise,3
14.190687,2.2979054,10.582717,Noise,3
-3.3592143,-1.7296928,2.1703207,Noise,3
-3.3693197,-1.4522177,2.3468544,Noise,3
-0.88776577,4.569272,1.227263,Noise,3
14.747518,4.7692857,10.087574,Noise,3
7.7986426,14.20709,9.134379,Noise,3
7.6439996,14.057528,9.230371,Noise,3
14.222831,2.3455763,10.598878,Noise,3
14.513437,2.878574,10.670567,Noise,3
7.535974,13.963868,9.221691,Noise,3
14.687512,3.302337,10.619221,Noise,3
7.7668996,14.174655,9.159625,Noise,3
3.1962569,11.18671,-1.2436163,Noise,3
14.135456,2.234115,10.5291815,Noise,3
3.185482,11.195286,-1.2535809,Noise,3
14.591333,5.1660533,10.047215,Noise,3
14.28583,2.3761609,10.684926,Noise,3
14.416888,2.6694858,10.677208,Noise,3
14.251896,2.3653421,10.642003,Noise,3
7.275837,13.73764,9.218475,Noise,3
2.7598574,6.4720306,-1.1453224,Noise,3
3.6467893,12.452474,6.7266884,Noise,3
-3.5399785,-1.6018635,1.8413498,Noise,3
-3.529766,-1.6029164,1.8545619,Noise,3
14.570678,5.207096,10.080249,Noise,3
14.148317,2.244427,10.547754,Noise,3
-3.4582107,-1.5399082,2.0148382,Noise,3
14.517828,5.265152,10.009054,Noise,3
14.23372,2.3200588,10.61705,Noise,3
3.2111864,11.177956,-1.2298601,Noise,3
14.671141,3.2532358,10.632062,Noise,3
7.284525,13.747399,9.231178,Noise,3
14.424061,2.6860104,10.679636,Noise,3
14.42111,2.6744378,10.681855,Noise,3
-3.3214366,-2.0832527,2.4087574,Noise,3
14.114368,2.2492938,10.506474,Noise,3
14.565671,5.208801,10.040457,Noise,3
-3.31162,-2.0511038,2.416628,Noise,3
3.2101126,11.177079,-1.2306105,Noise,3
14.385337,2.6275642,10.675935,Noise,3
-3.319661,-2.0499003,2.3940344,Noise,3
14.157273,2.2648172,10.548591,Noise,3
14.584591,5.1900535,10.056135,Noise,3
-3.3065686,-2.087182,2.4336956,Noise,3
3.2139838,11.178523,-1.227002,Noise,3
14.81919,4.6046743,10.139605,Noise,3
2.411504,2.35674,3.4238398,Noise,3
14.208271,2.3368566,10.591985,Noise,3
14.793654,4.661303,10.115649,Noise,3
14.737675,4.9592485,10.1194935,Noise,3
-3.387723,-1.9166296,2.1849637,Noise,3
14.754751,4.759667,10.09309,Noise,3
7.33184,13.791455,9.257498,Noise,3
7.4693565,13.905318,9.2299185,Noise,3
3.2105157,11.171343,-1.2287301,Noise,3
-3.3065195,-1.4202685,2.3643136,Noise,3
-3.3834283,-1.7875805,2.031979,Noise,3
-3.420025,-1.6609192,2.078765,Noise,3
14.819703,4.5472345,10.149428,Noise,3
14.293405,2.3822505,10.692142,Noise,3
-3.3167918,-1.3026081,2.3496442,Noise,3
-3.2282228,-1.4299489,2.5578144,Noise,3
14.423752,2.6843007,10.679656,Noise,3
-3.5626056,-1.5801475,1.799673,Noise,3
-3.2503169,-1.9106659,2.538127,Noise,3
-3.4343107,-1.7523173,2.0193527,Noise,3
-3.1623218,-1.9141316,2.834458,Noise,3
-3.5372825,-1.6196891,1.8350847,Noise,3
-3.3548136,-1.6298382,2.1622488,Noise,3
14.673643,5.054936,10.036142,Noise,3
-2.8359742,-1.6764904,3.6444902,Noise,3
-3.3034434,-1.3091724,2.4247115,Noise,3
-2.651049,-2.4666858,3.530853,Noise,3
14.840338,4.083124,10.328522,Noise,3
-3.3223627,-1.23376,2.373272,Noise,3
-3.2775035,-1.3797635,2.4463954,Noise,3
2.2122889,10.923589,4.8310094,Noise,3
14.668805,3.3056343,10.608611,Noise,3
14.805852,3.8642402,10.408568,Noise,3
14.322666,2.4168963,10.716291,Noise,3
-3.2904212,-1.4114996,2.3579562,Noise,3
14.241145,2.3662858,10.616278,Noise,3
2.7668014,6.504524,-1.1385014,Noise,3
2.2511625,5.902569,0.11225917,Noise,3
14.677737,3.2571511,10.619438,Noise,3
2.4177248,2.3460472,3.4092817,Noise,3
14.787104,3.790031,10.448068,Noise,3
14.775814,4.7132688,10.105084,Noise,3
-3.0818968,-1.7106167,2.8805783,Noise,3
-3.3267565,-1.695793,2.226069,Noise,3
14.60824,5.1431475,10.033382,Noise,3
-2.0226183,-1.4881872,5.346671,Noise,3
-3.418961,-1.7181902,1.9672308,Noise,3
3.653667,12.451471,6.730111,Noise,3
-3.5858383,-1.6326796,1.7723979,Noise,3
14.636633,3.190617,10.65968,Noise,3
-2.816651,-1.843338,3.4041636,Noise,3
14.697071,3.2787097,10.63324,Noise,3
14.702516,3.3123415,10.606463,Noise,3
-3.1440837,-1.8358065,2.808795,Noise,3
-3.2222269,-1.4747978,2.6127472,Noise,3
14.225237,2.3500972,10.600545,Noise,3
14.381766,2.6071663,10.657927,Noise,3
14.391038,2.6201007,10.6793,Noise,3
2.2296286,10.940612,4.8469877,Noise,3
-3.5198936,-1.6894628,1.814492,Noise,3
-3.0991182,-2.0306346,2.9275565,Noise,3
14.655138,3.2151625,10.641871,Noise,3
14.705192,3.3262522,10.604349,Noise,3
14.626767,3.1637957,10.654522,Noise,3
14.31999,2.4232676,10.706369,Noise,3
14.171475,2.278546,10.565268,Noise,3
3.2147489,11.171894,-1.2265956,Noise,3
2.208925,10.920758,4.8265815,Noise,3
-2.9818354,-1.7993599,3.3694472,Noise,3
2.4482749,2.3741784,3.383607,Noise,3
2.3943875,2.355452,3.4293764,Noise,3
14.194968,2.330218,10.58115,Noise,3
-0.8996462,4.5768538,1.2209892,Noise,3
-3.0168889,-2.064606,3.0671067,Noise,3
-3.3455927,-1.3038021,2.3523571,Noise,3
14.65908,3.2241611,10.642576,Noise,3
14.68903,3.3026917,10.617759,Noise,3
2.1640618,10.8647785,4.778341,Noise,3
14.275387,2.3742032,10.668933,Noise,3
2.2022903,10.913635,4.820184,Noise,3
14.282162,2.4217248,10.667308,Noise,3
7.2260275,13.700303,9.22589,Noise,3
14.643915,3.1961098,10.647808,Noise,3
14.591988,5.17669,10.0577345,Noise,3
7.206671,13.676966,9.247992,Noise,3
14.133765,2.2441242,10.52683,Noise,3
7.822705,14.227758,9.112839,Noise,3
6.236883,13.036562,9.269248,Noise,3
14.819837,3.9210644,10.387473,Noise,3
-3.3989382,-1.9392751,2.1458251,Noise,3
3.3736997,9.54369,-0.85749817,Noise,3
14.160494,2.2595913,10.55551,Noise,3
3.6287646,12.438103,6.724773,Noise,3
3.2094054,11.176093,-1.2310158,Noise,3
-3.2248545,-1.3426222,2.6658053,Noise,3
3.2111828,11.176272,-1.2296722,Noise,3
14.783068,3.7689307,10.458573,Noise,3
14.528162,5.252466,10.031473,Noise,3
14.407381,2.6468947,10.687866,Noise,3
-3.163072,-1.5900025,2.5681531,Noise,3
6.2328763,13.047176,9.282503,Noise,3
-3.5369956,-1.609036,1.8440698,Noise,3
-2.5291648,-2.0265439,4.4837217,Noise,3
14.581408,5.183105,10.044031,Noise,3
-3.059955,-1.7112088,2.8298569,Noise,3
-2.6970038,-1.2830952,3.9454644,Noise,3
-2.698342,-1.4857097,3.6092036,Noise,3
